ResponseID,Gender,Age.Group,Continent,Work.Experience,Professional.Setting,Practice.Type,Post.Graduate.Training,Setting.of.first.implant,Time.of.First.implant
R_00zDBgB7vddMMfP,Male,30-35,Asia,>10yrs,Public,Specialty,PG training,at.University,0-2yrs
R_02pqxvm2O2Uo1X3,Male,25-30,Africa,3-9yrs,Private,G.P.,No PG training,at.Private,3-5yrs
R_08MCgaOLBpgf3yl,Male,36-45,Asia,>10yrs,Public,Specialty,No PG training,at.Private,>10
R_098EFIqertVWHjH,Female,<25,Asia,0-3yrs,University,Specialty,PG training,at.University,0-2yrs
R_0eU6tf0tJoafbOx,Female,36-45,Europe,>10yrs,Private,G.P.,PG training,at.University,0-2yrs
R_0fzfZtAVO7B9ngx,Male,36-45,Asia,>10yrs,Public,Specialty,PG training,Other,3-5yrs
R_0JkUTlb9GKLHEk1,Male,25-30,Asia,3-9yrs,Private,Specialty,PG training,at.Private,0-2yrs
R_0l9MEvEubgiZt7P,Male,36-45,Asia,>10yrs,Private,Specialty,No PG training,at.Private,6-10yrs
R_0MpkkTDvB58ZH7X,Female,36-45,Europe,>10yrs,Private,Specialty,PG training,at.University,3-5yrs
R_0ofDsiHyvPAL9x7,Male,<25,Africa,0-3yrs,University,G.P.,No PG training,No.Information,0-2yrs
R_0OhKFqq3SGRC1ih,Male,25-30,Asia,0-3yrs,Public,G.P.,No PG training,No.Information,0-2yrs
R_0rNy4EHCEkS5nSF,Female,36-45,Asia,>10yrs,Private,G.P.,No PG training,at.Private,3-5yrs
R_10AA0ny5tJAxFXy,Male,25-30,Asia,0-3yrs,Private,Specialty,PG training,at.Private,0-2yrs
R_10GE7uGklrirB37,Female,25-30,Asia,0-3yrs,Public,G.P.,No PG training,at.University,0-2yrs
R_10uBBiLRDhqhQ5S,Male,36-45,Europe,>10yrs,Private,G.P.,PG training,at.Private,0-2yrs
R_10UGQukeavlWXCA,Male,36-45,Europe,>10yrs,Private,G.P.,PG training,at.University,0-2yrs
R_111HXFkaJ0dSzv6,Male,25-30,Asia,0-3yrs,Private,G.P.,No PG training,at.Private,0-2yrs
R_11aoBGsaXOsIXMd,Female,36-45,Europe,>10yrs,Private,Specialty,PG training,at.Private,6-10yrs
R_11bSl9fpYe6BKIR,Female,36-45,Asia,>10yrs,Private,G.P.,PG training,at.University,3-5yrs
R_11cPtsh6IZn3SRn,Male,30-35,Asia,3-9yrs,Private,Specialty,PG training,at.University,0-2yrs
R_11hYbfZxJlC5CbR,Male,25-30,Asia,0-3yrs,Private,Specialty,PG training,at.University,3-5yrs
R_11jSINa4CBehGse,Male,>45,Asia,>10yrs,Public,G.P.,No PG training,at.Private,>10
R_11ZpNKq0ptxoHnB,Male,25-30,Asia,3-9yrs,Private,G.P.,No PG training,No.Information,3-5yrs
R_124sbVMpRlx9XpL,Female,<25,Asia,0-3yrs,No Information,Post-Graduate Student,No PG training,Other,0-2yrs
R_12FR7iOFa1abjzf,Male,>45,North America,0-3yrs,University,Post-Graduate Student,No PG training,at.University,0-2yrs
R_12FuRAhCYOjcjAD,Male,30-35,Europe,3-9yrs,University,Post-Graduate Student,PG training,at.University,3-5yrs
R_12iol6Njiw808tS,Male,30-35,Asia,3-9yrs,University,Specialty,PG training,at.University,3-5yrs
R_12o1ZOwwbimmbv2,Male,>45,Asia,>10yrs,University,Specialty,PG training,at.University,3-5yrs
R_12Qo8w6uv7N7XEo,Male,30-35,Asia,3-9yrs,Public,Specialty,PG training,at.University,3-5yrs
R_12wZ7u9XR6XSHDt,Male,36-45,Asia,>10yrs,Private,Specialty,PG training,at.CE,3-5yrs
R_1BSjwFagRg1qma7,Female,36-45,Europe,>10yrs,Public,Post-Graduate Student,No PG training,No.Information,3-5yrs
R_1CftTocnAQgzMml,Male,25-30,Asia,0-3yrs,Public,G.P.,No PG training,No.Information,0-2yrs
R_1Cq1A7BqJEok1MA,Male,36-45,Asia,>10yrs,University,Specialty,PG training,at.University,0-2yrs
R_1Cs9U6RHfGQre5i,Male,<25,Asia,0-3yrs,Private,G.P.,No PG training,at.Private,0-2yrs
R_1cSqm4EeaDYhsy9,Male,30-35,Europe,3-9yrs,Private,Specialty,PG training,at.University,0-2yrs
R_1cTUOfCyJbBEhwl,Female,36-45,Europe,3-9yrs,Private,Specialty,PG training,at.Private,0-2yrs
R_1Cx1iZPnVOscr5Q,Male,36-45,North America,>10yrs,University,Post-Graduate Student,PG training,at.Private,>10
R_1CyFgqMs7Piedom,Male,>45,Australasia ,>10yrs,No Information,G.P.,No PG training,at.Private,>10
R_1dAkoZNSpzrWZu1,Male,30-35,Asia,3-9yrs,University,G.P.,PG training,at.Private,0-2yrs
R_1dALjkULHHorffv,Male,25-30,Europe,3-9yrs,Private,Post-Graduate Student,No PG training,at.Private,3-5yrs
R_1DAq1PC684Oqnzx,Male,25-30,Asia,0-3yrs,Private,G.P.,No PG training,No.Information,0-2yrs
R_1DCtab8VSNlb8XG,Male,25-30,Asia,0-3yrs,Private,G.P.,PG training,at.University,0-2yrs
R_1dFFXjPUodjuSMX,Male,30-35,Africa,3-9yrs,Private,G.P.,No PG training,at.University,6-10yrs
R_1diBC9BHBmLI22y,Male,36-45,Europe,>10yrs,Private,G.P.,PG training,at.Private,3-5yrs
R_1dNBDMSMmRMRUWv,Male,36-45,Asia,>10yrs,Public,G.P.,No PG training,Other,>10
R_1DNO2ZskoAI0tFc,Female,25-30,Asia,3-9yrs,Private,G.P.,PG training,at.University,3-5yrs
R_1doizxzZZcQd0s0,Male,>45,Europe,>10yrs,University,Specialty,No PG training,at.University,>10
R_1doyKnBiijhYYbM,Female,<25,South America,0-3yrs,Public,G.P.,No PG training,No.Information,0-2yrs
R_1Dr1dyf7UfiWltP,Male,>45,Africa,>10yrs,Private,G.P.,No PG training,No.Information,>10
R_1DYEK82F3geaT5L,Female,25-30,Asia,0-3yrs,University,Post-Graduate Student,No PG training,at.University,3-5yrs
R_1DZ0N4fimW4WQTu,Male,<25,Africa,0-3yrs,Private,G.P.,No PG training,at.University,0-2yrs
R_1E1lunBrOZTHlIW,Female,36-45,Europe,>10yrs,Private,G.P.,No PG training,No.Information,3-5yrs
R_1EaD6wAO0SsyrX8,Male,25-30,Asia,0-3yrs,Private,G.P.,No PG training,at.CE,0-2yrs
R_1EcYm6GFORLgPiG,Female,25-30,Asia,0-3yrs,University,G.P.,No PG training,at.University,0-2yrs
R_1eD9TTMwkKvGTCG,Male,25-30,Asia,3-9yrs,Private,Post-Graduate Student,No PG training,at.Private,3-5yrs
R_1Ei15AWlMBmcXkL,Male,30-35,Europe,3-9yrs,Private,Specialty,PG training,at.Private,0-2yrs
R_1eWq6H5KI33XAWi,Female,<25,Asia,0-3yrs,Public,Post-Graduate Student,No PG training,No.Information,0-2yrs
R_1ewy18x79zeRpQX,Female,30-35,Asia,3-9yrs,Private,G.P.,No PG training,at.Private,6-10yrs
R_1ewyARVRHvN8LQy,Male,<25,Asia,0-3yrs,University,G.P.,No PG training,No.Information,0-2yrs
R_1exDfXR3E2e49KI,Male,30-35,Asia,>10yrs,Private,Specialty,PG training,at.Private,6-10yrs
R_1exDU1dsJCdAsfm,Female,25-30,Asia,3-9yrs,Public,Specialty,PG training,at.University,0-2yrs
R_1EXJK9paWyMLijB,Male,36-45,Europe,>10yrs,Private,Specialty,PG training,at.University,6-10yrs
R_1f0JXfMZMFzbJP5,Male,>45,Australasia ,>10yrs,Private,G.P.,No PG training,at.Private,>10
R_1F2MXGqyti14tLy,Male,25-30,Africa,3-9yrs,Private,G.P.,PG training,at.Private,6-10yrs
R_1F3doTJynPmf2Sg,Male,25-30,Asia,0-3yrs,Private,Specialty,PG training,at.Private,0-2yrs
R_1f3n3BWSDxUnjE8,Male,30-35,Asia,3-9yrs,Private,Specialty,PG training,at.University,0-2yrs
R_1Fb26vlOOy9l4z4,Male,36-45,Africa,>10yrs,Private,G.P.,No PG training,No.Information,0-2yrs
R_1FbkyCSK3xY9Xyh,Male,36-45,Asia,>10yrs,Public,Specialty,PG training,at.University,3-5yrs
R_1FeYZLD26ids5W1,Female,36-45,Asia,>10yrs,Private,G.P.,PG training,at.Private,6-10yrs
R_1FfCZpLbmOBRUS4,Male,30-35,Europe,3-9yrs,Private,G.P.,PG training,at.CE,3-5yrs
R_1fiOtfwJFPdx9SR,Female,30-35,Europe,3-9yrs,Private,G.P.,No PG training,No.Information,3-5yrs
R_1fjja9WIIpeyqVY,Male,>45,North America,>10yrs,Private,G.P.,PG training,at.CE,>10
R_1fjvTCOfzS4wQ8O,Female,36-45,North America,0-3yrs,Private,G.P.,No PG training,at.CE,0-2yrs
R_1FKzK7hmYzMb7zz,Male,<25,Asia,0-3yrs,Private,G.P.,No PG training,Other,0-2yrs
R_1FlcARCBpv5lzXm,Male,25-30,Asia,0-3yrs,Private,G.P.,PG training,at.Private,3-5yrs
R_1FrBhlC9NGagScc,Female,25-30,Asia,3-9yrs,Public,G.P.,No PG training,Other,6-10yrs
R_1FtsUp1mQWI3vnf,Female,30-35,Asia,>10yrs,University,Specialty,PG training,at.University,3-5yrs
R_1gbEt6RkV32iAMm,Female,30-35,South America,3-9yrs,Private,Specialty,PG training,No.Information,0-2yrs
R_1gbfMTP5kpWYRVT,Male,36-45,Asia,>10yrs,Private,G.P.,PG training,at.Private,0-2yrs
R_1gcqen4zDp5t7Sf,Female,25-30,Asia,3-9yrs,Private,Specialty,PG training,at.Private,0-2yrs
R_1gdQlM9PjMr3Mby,Male,30-35,Africa,3-9yrs,University,Post-Graduate Student,PG training,at.University,3-5yrs
R_1GH3LZdnYMChdWu,Male,25-30,Asia,0-3yrs,University,Specialty,PG training,at.University,0-2yrs
R_1gHfZ6HVEJclDpJ,Female,36-45,Asia,>10yrs,Private,G.P.,No PG training,at.University,>10
R_1ghJYMtgWfkgTtq,Male,25-30,Africa,0-3yrs,Private,Post-Graduate Student,No PG training,No.Information,0-2yrs
R_1GHzEG7vxbqSaNq,Male,<25,Asia,0-3yrs,Public,G.P.,No PG training,No.Information,0-2yrs
R_1gMHapsIvWd81hO,Male,36-45,Europe,>10yrs,University,Specialty,PG training,at.University,3-5yrs
R_1gMTXKwp1hAYjJ9,Female,36-45,Asia,>10yrs,University,Specialty,PG training,at.University,>10
R_1GOnqiIdrJJHaa2,Male,25-30,Europe,3-9yrs,Public,Specialty,No PG training,at.Private,0-2yrs
R_1gtpozILmyT8Snz,Female,30-35,Africa,>10yrs,University,Specialty,PG training,at.CE,3-5yrs
R_1gvedSEVsGuLEQ0,Female,<25,South America,0-3yrs,University,Specialty,PG training,No.Information,0-2yrs
R_1Gviw91V4WqWOkv,Male,>45,Asia,>10yrs,Private,G.P.,No PG training,at.Private,>10
R_1GZaa5LaRnzKTUq,Male,<25,Europe,0-3yrs,University,Post-Graduate Student,No PG training,No.Information,0-2yrs
R_1H2kV4vLFfKpkma,Male,30-35,Asia,>10yrs,University,Specialty,PG training,at.University,0-2yrs
R_1H5G7VPIvn7L1iw,Female,30-35,Asia,3-9yrs,Private,G.P.,PG training,at.University,3-5yrs
R_1H6LKJ9JIRlpUtT,Male,36-45,Asia,>10yrs,Public,G.P.,PG training,at.University,3-5yrs
R_1hAsT47p3Sx3W6R,Female,25-30,Asia,0-3yrs,Private,G.P.,No PG training,at.Private,0-2yrs
R_1HbedVrTveroawk,Female,30-35,Asia,3-9yrs,University,G.P.,PG training,at.University,6-10yrs
R_1HdCqLY1NuzeCE9,Male,36-45,Europe,>10yrs,Private,G.P.,No PG training,at.Private,>10
R_1HdcY0jk4w4XsZ8,Female,25-30,Asia,0-3yrs,Private,G.P.,No PG training,at.Private,0-2yrs
R_1HhmN6u7lrkLfR9,Male,>45,Asia,>10yrs,Private,G.P.,No PG training,at.Private,>10
R_1HjiDSARphKXppg,Male,25-30,Europe,3-9yrs,Private,Post-Graduate Student,PG training,at.University,0-2yrs
R_1HnpbE2DdTY0mR1,Male,30-35,Asia,3-9yrs,Public,G.P.,PG training,Other,3-5yrs
R_1HqIQbtzDHHPKzh,Male,25-30,Europe,3-9yrs,Private,Post-Graduate Student,PG training,at.Private,0-2yrs
R_1HQyLD3rDho2imB,Male,36-45,Asia,>10yrs,Private,G.P.,No PG training,No.Information,3-5yrs
R_1hRRDMJu7LPzwPy,Female,30-35,Asia,3-9yrs,Private,G.P.,No PG training,at.University,3-5yrs
R_1hWnSM9LpWwDEjE,Male,25-30,Europe,3-9yrs,University,Post-Graduate Student,No PG training,at.Private,0-2yrs
R_1hYUUHFNzifoCKp,Male,30-35,Australasia ,3-9yrs,Private,G.P.,No PG training,at.University,3-5yrs
R_1hYZvXCSAypAQRm,Male,>45,Europe,>10yrs,Private,G.P.,No PG training,at.Private,>10
R_1Hz42NtgsBbcpWN,Male,36-45,Australasia ,>10yrs,Private,Specialty,PG training,at.University,>10
R_1I5ISUkqtjh7FWh,Male,30-35,Asia,3-9yrs,University,G.P.,PG training,at.University,3-5yrs
R_1i9WB5Zkw8WAGqG,Male,25-30,Asia,3-9yrs,Private,Specialty,PG training,at.Private,0-2yrs
R_1IaxXkUMpLJYHQa,Male,25-30,Asia,>10yrs,University,Specialty,PG training,at.University,0-2yrs
R_1ib1PZce4fj3YAg,Male,36-45,Asia,>10yrs,Public,Specialty,PG training,at.University,3-5yrs
R_1ibaXqy9Ga1jEif,Male,25-30,Asia,0-3yrs,Private,G.P.,No PG training,at.Private,3-5yrs
R_1ikQiLHz36DyfuJ,Male,25-30,Asia,3-9yrs,University,Post-Graduate Student,No PG training,at.University,0-2yrs
R_1Io4sRIhni8fYag,Male,25-30,Africa,3-9yrs,Private,Post-Graduate Student,No PG training,at.University,3-5yrs
R_1IoWu8To8nzez2B,Female,>45,Europe,>10yrs,Private,G.P.,PG training,at.Private,>10
R_1IQ1bwozWzTqzfv,Male,36-45,Asia,>10yrs,University,Specialty,PG training,at.University,3-5yrs
R_1irIXACEdqB2kU2,Female,36-45,Asia,3-9yrs,University,Specialty,PG training,at.University,3-5yrs
R_1ISgRyC2cXZI1PD,Male,36-45,Asia,>10yrs,Public,Specialty,PG training,at.University,0-2yrs
R_1IuT40b11Mmh4V3,Male,>45,North America,0-3yrs,No Information,Post-Graduate Student,PG training,No.Information,0-2yrs
R_1IWUFEOCQffUgOz,Male,36-45,Asia,>10yrs,University,Specialty,PG training,at.University,3-5yrs
R_1Iyid0tLgVP4sfo,Male,36-45,Europe,>10yrs,Private,G.P.,PG training,at.Private,3-5yrs
R_1j83eXdZJERvey5,Female,30-35,Europe,3-9yrs,Private,Post-Graduate Student,PG training,No.Information,0-2yrs
R_1j9Di9Zsa04eGyM,Female,36-45,Asia,>10yrs,Private,G.P.,No PG training,at.Private,>10
R_1j9QjtlruFhJP67,Male,25-30,Asia,3-9yrs,Public,Specialty,PG training,at.CE,3-5yrs
R_1je7FfhQoiUN4fz,Male,36-45,Asia,3-9yrs,Private,G.P.,PG training,Other,3-5yrs
R_1JEm6sT0cElNteY,Male,30-35,South America,>10yrs,Private,Specialty,PG training,at.CE,0-2yrs
R_1jIYAKiXfeRXoWp,Male,25-30,South America,3-9yrs,Private,Post-Graduate Student,PG training,at.University,3-5yrs
R_1jlKitNY06Ynh7K,Female,25-30,South America,0-3yrs,Private,G.P.,No PG training,at.CE,0-2yrs
R_1JLsXnunju1L20z,Male,25-30,Asia,0-3yrs,Private,G.P.,No PG training,at.University,0-2yrs
R_1jOrUDSoPk4Hx5U,Male,25-30,Asia,0-3yrs,University,Specialty,No PG training,at.University,0-2yrs
R_1jP78xeh6o2E7og,Female,25-30,South America,0-3yrs,Private,Specialty,No PG training,No.Information,3-5yrs
R_1JRgiM78dvOEQTD,Male,30-35,Asia,>10yrs,Private,Specialty,PG training,at.Private,0-2yrs
R_1jVBkbQWTjA8fRb,Male,36-45,Asia,>10yrs,Private,G.P.,No PG training,at.Private,6-10yrs
R_1jVfC7JJpiZcABU,Male,36-45,Asia,>10yrs,Private,G.P.,PG training,at.Private,3-5yrs
R_1JXVvWOnJgGXix1,Male,36-45,Europe,3-9yrs,University,Post-Graduate Student,No PG training,at.Private,3-5yrs
R_1K7HmaNxM4NajFw,Female,25-30,Asia,0-3yrs,Public,G.P.,No PG training,No.Information,0-2yrs
R_1kFc1RNDw6ovTNM,Male,30-35,Europe,3-9yrs,University,Specialty,PG training,at.Private,6-10yrs
R_1kHc1bQKG8EB6Gi,Male,25-30,Africa,0-3yrs,Public,G.P.,No PG training,No.Information,0-2yrs
R_1kHN9zGhmc14pRl,Female,30-35,Asia,3-9yrs,Public,G.P.,PG training,at.University,6-10yrs
R_1kHzjZFSHXcIzKd,Male,25-30,South America,3-9yrs,Private,G.P.,No PG training,at.University,3-5yrs
R_1kMRnQq0uvk9I5E,Female,36-45,Europe,>10yrs,Private,G.P.,PG training,at.Private,3-5yrs
R_1kNRiFwZMMT4O99,Male,>45,Asia,>10yrs,Private,G.P.,No PG training,at.Private,3-5yrs
R_1kOmTERN7mfXBBx,Female,25-30,Asia,3-9yrs,Private,G.P.,PG training,at.Private,3-5yrs
R_1kRfQ2zeVEVL3HL,Male,36-45,Asia,>10yrs,Private,G.P.,No PG training,at.Private,6-10yrs
R_1kTWFLvZmq3owz0,Male,36-45,Europe,>10yrs,Private,G.P.,PG training,at.Private,>10
R_1KwFNjup5rh49eg,Male,25-30,Africa,3-9yrs,Private,Specialty,PG training,at.Private,0-2yrs
R_1KxwrgIWni9BLfT,Female,36-45,Asia,>10yrs,Public,G.P.,PG training,No.Information,0-2yrs
R_1kYc97aiXyM647R,Male,36-45,South America,3-9yrs,Private,G.P.,No PG training,at.CE,3-5yrs
R_1l00Xju50HfUSe1,Male,36-45,Asia,>10yrs,Private,G.P.,PG training,at.University,3-5yrs
R_1LBcEW7VH1vwnQ5,Female,No Information,Asia,>10yrs,Public,Specialty,No PG training,at.CE,>10
R_1LFmrW4VKaqKtgR,Male,36-45,Asia,>10yrs,Private,Specialty,PG training,at.Private,>10
R_1lm18YLkKgWwrQn,Male,36-45,Asia,>10yrs,Private,Post-Graduate Student,No PG training,at.Private,6-10yrs
R_1lmBEaCKxdTpSB4,Male,30-35,Africa,3-9yrs,University,Specialty,PG training,at.Private,0-2yrs
R_1lmkgyeyoUM7GPT,Female,30-35,Asia,3-9yrs,Public,G.P.,PG training,at.CE,0-2yrs
R_1Lpdmrai25kmXsL,Female,25-30,Africa,0-3yrs,Public,Post-Graduate Student,PG training,No.Information,3-5yrs
R_1LqvtU0vHKWW204,Female,<25,No information,0-3yrs,University,Post-Graduate Student,No PG training,at.University,0-2yrs
R_1lsegQBaxHtKdQq,Male,36-45,Asia,>10yrs,Private,G.P.,PG training,at.Private,>10
R_1lsfplmfMSimLof,Female,30-35,Europe,3-9yrs,University,Specialty,PG training,at.Private,3-5yrs
R_1ltVMgzuTAdoUfu,Male,25-30,Europe,0-3yrs,Private,G.P.,PG training,No.Information,0-2yrs
R_1lty5j7VtritvnO,Male,30-35,Asia,>10yrs,Public,Specialty,PG training,Other,6-10yrs
R_1LuN9Wn7110rKQ2,Male,>45,Asia,3-9yrs,Public,G.P.,PG training,at.CE,6-10yrs
R_1LUNDpVDRYaQD4J,Male,30-35,Asia,>10yrs,Public,Specialty,PG training,at.University,3-5yrs
R_1luSlzMMSB3z59G,Male,36-45,Asia,3-9yrs,University,Specialty,PG training,Other,3-5yrs
R_1LvNJR8UkRDgczw,Female,<25,Asia,0-3yrs,University,G.P.,No PG training,at.University,0-2yrs
R_1lxwYSuVZw1Ij1U,Male,>45,Asia,>10yrs,Private,G.P.,No PG training,at.Private,>10
R_1LYf7IWGECMMksx,Female,30-35,Europe,>10yrs,Private,G.P.,PG training,at.Private,3-5yrs
R_1lztQObstCEUbXO,Male,>45,Asia,>10yrs,Private,G.P.,No PG training,No.Information,0-2yrs
R_1M68FeFAsQa0ZKA,Male,36-45,Asia,3-9yrs,Private,Specialty,PG training,at.Private,3-5yrs
R_1mgVQKMszKIURh7,Female,<25,Asia,0-3yrs,Public,G.P.,No PG training,at.University,0-2yrs
R_1mgxHhQqyELvuLq,Female,<25,Asia,0-3yrs,University,Specialty,No PG training,No.Information,0-2yrs
R_1mJB3CTT4h7G0ZK,Male,30-35,Asia,3-9yrs,Public,Post-Graduate Student,No PG training,at.Private,6-10yrs
R_1MTnCzLUSZ3nfm8,Male,36-45,Asia,>10yrs,Private,Specialty,PG training,at.University,3-5yrs
R_1mW7UyD3s2CVtJ0,Male,30-35,Asia,3-9yrs,Private,G.P.,PG training,at.Private,3-5yrs
R_1mztzPDrqmQWQlV,Male,<25,Asia,3-9yrs,University,Specialty,PG training,at.University,0-2yrs
R_1N4jMxQE8bWUg8E,Male,25-30,South America,0-3yrs,Public,Specialty,No PG training,at.CE,0-2yrs
R_1n8RdGQYR7p1Gq4,Male,36-45,Asia,>10yrs,Private,G.P.,PG training,at.University,0-2yrs
R_1Ncq7gDXbN516QV,Female,36-45,Europe,>10yrs,Private,G.P.,PG training,Other,>10
R_1NELvOzhXOBWL3j,Male,36-45,Asia,>10yrs,Private,Specialty,PG training,at.University,>10
R_1Nslk3kIUBQm90m,Female,25-30,Asia,0-3yrs,Public,G.P.,PG training,at.CE,3-5yrs
R_1o5sBjoXt0HNJ8C,Male,36-45,South America,>10yrs,Private,Specialty,PG training,at.Private,3-5yrs
R_1o5tB0Y5MKvPuTD,Female,36-45,Asia,>10yrs,No Information,G.P.,PG training,No.Information,>10
R_1oBlBfg7W1H5dEN,Male,36-45,Africa,>10yrs,Private,Specialty,PG training,at.CE,3-5yrs
R_1OBrM7kHtJAFtYH,Female,25-30,Europe,0-3yrs,Public,Specialty,PG training,at.CE,0-2yrs
R_1od5rkbPgZj03NE,Male,36-45,Asia,>10yrs,No Information,Specialty,PG training,at.Private,0-2yrs
R_1oFGLi9o7jONGKI,Female,30-35,Asia,3-9yrs,Public,Specialty,PG training,at.Private,3-5yrs
R_1oi0yDZxNheUjLn,Male,36-45,Asia,3-9yrs,Public,Specialty,PG training,at.Private,3-5yrs
R_1OiSgMcqHdbRYXH,Male,30-35,Asia,3-9yrs,Private,G.P.,No PG training,at.Private,3-5yrs
R_1OIXZ5plts8Mp6H,Male,25-30,Europe,3-9yrs,Private,G.P.,PG training,at.Private,0-2yrs
R_1OlaicpoiOsgHTw,Female,25-30,South America,3-9yrs,University,Specialty,PG training,at.CE,0-2yrs
R_1OMNV31ssZb5Qm5,Male,25-30,Asia,0-3yrs,Private,G.P.,PG training,at.University,0-2yrs
R_1OPtL8vh1isfP6i,Male,30-35,Africa,>10yrs,Public,Specialty,PG training,at.University,6-10yrs
R_1OwUJJCf3kvJLhx,Male,25-30,Asia,0-3yrs,University,Post-Graduate Student,No PG training,at.University,0-2yrs
R_1P1TlkBkaiwYdXH,Female,<25,Europe,0-3yrs,University,G.P.,No PG training,at.University,0-2yrs
R_1pA3mZfeDlqXLXr,Male,36-45,No Information,>10yrs,University,Specialty,PG training,at.University,>10
R_1PcNueyYrW3ohmT,Male,25-30,Asia,0-3yrs,University,Post-Graduate Student,No PG training,at.University,0-2yrs
R_1pDmcrgL63UyorE,Male,<25,Asia,0-3yrs,Private,G.P.,No PG training,No.Information,6-10yrs
R_1pFJQPpsqsnMxWl,Male,36-45,Asia,>10yrs,Private,G.P.,PG training,at.Private,6-10yrs
R_1PUJsAUYROWm3fR,Female,25-30,Asia,3-9yrs,Private,G.P.,PG training,at.University,3-5yrs
R_1pWDmCgqFmTvz6h,Male,25-30,Africa,0-3yrs,Private,G.P.,No PG training,at.Private,0-2yrs
R_1Q5ePb0jFYi66Gx,Male,25-30,Asia,3-9yrs,Public,G.P.,PG training,at.CE,3-5yrs
R_1Q5vmDSMjR6nyQ8,Male,36-45,Europe,>10yrs,Private,Specialty,PG training,at.Private,6-10yrs
R_1q9BA0gP7td0naj,Male,25-30,Asia,3-9yrs,Public,Post-Graduate Student,No PG training,at.University,3-5yrs
R_1Q9m4bmh4IZPjQ6,Male,30-35,South America,0-3yrs,Private,G.P.,No PG training,No.Information,3-5yrs
R_1Q9NCUHF9j9p71j,Male,36-45,Asia,3-9yrs,Public,G.P.,PG training,at.University,>10
R_1Q9NI7zt2TtiqlD,Male,36-45,Europe,>10yrs,Private,G.P.,No PG training,at.University,>10
R_1Q9NIhIaMKBceMq,Female,<25,Asia,0-3yrs,University,Post-Graduate Student,No PG training,No.Information,0-2yrs
R_1qeXDKluiiHPtln,Male,30-35,Australasia ,>10yrs,Private,G.P.,No PG training,at.Private,3-5yrs
R_1QgCPCc7A070guW,Male,30-35,Asia,3-9yrs,University,Specialty,PG training,at.University,0-2yrs
R_1QJJiM8DvAyJdR7,Female,36-45,Europe,>10yrs,Private,G.P.,PG training,at.University,3-5yrs
R_1QMby9Qipkr1DmV,Male,25-30,Europe,3-9yrs,University,Post-Graduate Student,No PG training,at.Private,3-5yrs
R_1QnDw8vQq9GQvZB,Male,36-45,Asia,0-3yrs,Public,G.P.,PG training,at.University,0-2yrs
R_1QrplXxMeg39eXn,Female,30-35,Asia,3-9yrs,Public,Specialty,No PG training,Other,>10
R_1Qsd7ybzZFrPOnV,Male,25-30,South America,0-3yrs,Private,G.P.,No PG training,at.Private,3-5yrs
R_1qVUakdSrM4uUMm,Male,25-30,Europe,3-9yrs,Public,Post-Graduate Student,No PG training,at.Private,0-2yrs
R_1r7TLVx26gpg46e,Female,30-35,Asia,3-9yrs,Private,G.P.,No PG training,at.Private,3-5yrs
R_1rc86du3S8Cscnh,Female,25-30,Asia,3-9yrs,University,Specialty,PG training,at.University,0-2yrs
R_1riU1v8hPNNGpfj,Male,30-35,Asia,3-9yrs,Private,G.P.,No PG training,at.Private,3-5yrs
R_1rP5coyMwHIeok6,Male,36-45,Australasia ,>10yrs,Private,G.P.,PG training,at.Private,3-5yrs
R_1rpE7WlKG7JSMQH,Male,30-35,Asia,3-9yrs,Private,G.P.,PG training,at.University,0-2yrs
R_1rv25B6BbSKjO5u,Male,25-30,Africa,3-9yrs,University,Specialty,No PG training,at.University,0-2yrs
R_1rxe9Uc7fK7Y5cL,Female,30-35,Asia,>10yrs,University,Specialty,PG training,at.University,3-5yrs
R_1XrCFPnQyBISXPr,Male,<25,Asia,0-3yrs,University,G.P.,No PG training,at.University,0-2yrs
R_1YvE7U2wfLd7rTr,Female,>45,Europe,>10yrs,Private,G.P.,PG training,at.Private,>10
R_1zEKAuzClsl7mFP,Male,36-45,Asia,3-9yrs,Private,Post-Graduate Student,PG training,at.Private,3-5yrs
R_20MbNyDwbD7MXju,Male,<25,Asia,0-3yrs,University,G.P.,No PG training,at.CE,0-2yrs
R_20MZVy10b56Woap,Female,30-35,Asia,>10yrs,Public,G.P.,PG training,at.CE,>10
R_20qvpDKVDjraxY5,Male,36-45,Asia,>10yrs,Private,Specialty,PG training,at.Private,>10
R_20T2BCEnCisfHE8,Male,36-45,Asia,>10yrs,Private,G.P.,No PG training,at.Private,6-10yrs
R_20TG50IvhdHDATA,Female,>45,Asia,>10yrs,Private,G.P.,No PG training,at.Private,>10
R_20TpyLPyqaVhDZ0,Male,25-30,Asia,0-3yrs,Private,G.P.,No PG training,at.Private,0-2yrs
R_20YZspaP6CYWutx,Male,30-35,Asia,>10yrs,University,Specialty,PG training,at.University,0-2yrs
R_2101Mw59KDb153w,Female,25-30,Asia,0-3yrs,Private,G.P.,No PG training,at.Private,0-2yrs
R_210p6bC3qlP8eYH,Male,25-30,Africa,3-9yrs,Public,Post-Graduate Student,No PG training,at.CE,3-5yrs
R_210vshyxI8imPDd,Male,>45,Asia,>10yrs,Private,Specialty,PG training,at.University,0-2yrs
R_21Ap6NGbu2TM472,Male,25-30,Asia,3-9yrs,Private,G.P.,No PG training,at.Private,3-5yrs
R_21d10dMr9MArg6c,Female,25-30,Asia,0-3yrs,Public,Specialty,PG training,Other,0-2yrs
R_21dN8LPSmhJslMb,Male,25-30,Asia,0-3yrs,Private,G.P.,No PG training,at.CE,0-2yrs
R_21FAit1t7YFAwtG,Male,36-45,Asia,>10yrs,Private,G.P.,No PG training,at.Private,0-2yrs
R_21HdcTrivKKF6Os,Female,30-35,Asia,3-9yrs,Public,G.P.,PG training,at.University,0-2yrs
R_21uJZpr3l6Nbf29,Male,30-35,Australasia ,3-9yrs,Public,Post-Graduate Student,No PG training,at.University,6-10yrs
R_21yuWeaocBd6sCz,Male,36-45,Europe,>10yrs,Public,Specialty,PG training,Other,0-2yrs
R_22LE9AXj0b1uMjk,Male,36-45,Asia,>10yrs,Public,G.P.,No PG training,at.CE,>10
R_22lYB8b3Te5h0aI,Male,36-45,Asia,>10yrs,Private,G.P.,PG training,at.Private,0-2yrs
R_22QtQ3k3aYyQgmy,Female,25-30,Asia,0-3yrs,University,Post-Graduate Student,No PG training,at.University,0-2yrs
R_22zCL15AtkfrTwp,Male,25-30,Europe,3-9yrs,Public,G.P.,No PG training,at.CE,3-5yrs
R_231Cx5hD7SznLW3,Female,25-30,Europe,3-9yrs,Private,G.P.,No PG training,at.Private,3-5yrs
R_233olgATvswFuza,Male,25-30,Asia,3-9yrs,Private,Specialty,PG training,at.Private,3-5yrs
R_2392Llq8WBnqYXy,Female,<25,Asia,0-3yrs,University,G.P.,No PG training,Other,0-2yrs
R_23UD1bHIJwh2Uc9,Male,<25,Africa,0-3yrs,University,G.P.,No PG training,at.University,0-2yrs
R_23UHvOFhFySjbBY,Female,<25,Asia,0-3yrs,University,G.P.,No PG training,No.Information,0-2yrs
R_23UipF8XbI7Ocpi,Male,36-45,Australasia ,>10yrs,Private,G.P.,PG training,at.University,3-5yrs
R_23UySSupSDx8UJG,Male,25-30,Asia,0-3yrs,Private,G.P.,PG training,at.Private,0-2yrs
R_241JuA8Ivhtnnsk,Male,>45,Asia,>10yrs,Private,G.P.,No PG training,at.Private,>10
R_241R5mqTO9ihFAB,Female,30-35,Asia,3-9yrs,Private,G.P.,No PG training,at.University,0-2yrs
R_24bLHbqchBa4QPP,Female,<25,Asia,0-3yrs,University,G.P.,No PG training,at.University,0-2yrs
R_24dQFVrUq3oWK9p,Male,<25,Asia,0-3yrs,Public,G.P.,No PG training,No.Information,0-2yrs
R_24GB6DYBe4cejnK,Male,25-30,Asia,3-9yrs,Private,Specialty,PG training,at.Private,3-5yrs
R_24kfLO2iIPAbcuC,Male,30-35,Europe,>10yrs,Private,Specialty,PG training,at.Private,0-2yrs
R_24ko25VpEAMLCEA,Male,25-30,Europe,3-9yrs,Private,Specialty,PG training,at.Private,3-5yrs
R_24NqQLkIEDiT7aq,Male,>45,Asia,>10yrs,Private,G.P.,No PG training,at.Private,3-5yrs
R_24o8JLu22uc6Bob,Female,<25,Asia,0-3yrs,No Information,G.P.,No PG training,Other,0-2yrs
R_24pHK65twfdjLHQ,Female,30-35,Asia,3-9yrs,Public,Specialty,PG training,at.University,3-5yrs
R_24qo0jGvupv8MEG,Female,36-45,Asia,>10yrs,University,Specialty,PG training,at.CE,3-5yrs
R_24u8sw5dliyrqUw,Male,>45,Africa,>10yrs,University,Specialty,PG training,at.University,3-5yrs
R_24Vv2gN1DC6dMX3,Male,36-45,Asia,>10yrs,Private,G.P.,No PG training,at.Private,6-10yrs
R_25EkOmCagYDwwEH,Female,25-30,Asia,3-9yrs,Public,G.P.,No PG training,at.University,3-5yrs
R_25GgyW4yyPLQTJC,Male,36-45,Europe,>10yrs,Private,G.P.,PG training,at.Private,0-2yrs
R_25MwT7QaVQtJb9f,Male,25-30,Asia,3-9yrs,Private,Specialty,PG training,at.Private,0-2yrs
R_25R3siEQnuCnkgB,Female,36-45,Asia,>10yrs,Private,G.P.,No PG training,at.Private,6-10yrs
R_25RyBDZntjYpVNF,Male,25-30,South America,0-3yrs,Private,Specialty,No PG training,at.Private,0-2yrs
R_25SbNFsICycxE7G,Male,36-45,Asia,>10yrs,Private,Post-Graduate Student,PG training,at.CE,3-5yrs
R_25XHav0LIL3qqZh,Male,36-45,Europe,>10yrs,Private,Specialty,PG training,at.University,3-5yrs
R_25YBQSENiULrvF7,Male,36-45,Asia,3-9yrs,Private,G.P.,PG training,at.University,3-5yrs
R_25zM28GyH5q02CK,Male,25-30,Asia,0-3yrs,Public,G.P.,PG training,No.Information,0-2yrs
R_25zRJ75u5srrXHj,Female,36-45,Asia,>10yrs,Public,G.P.,PG training,Other,>10
R_264fN6dWqnETDCp,Male,>45,Asia,>10yrs,Private,Specialty,PG training,at.Private,>10
R_268XaJmetlK0uKT,Male,25-30,Asia,0-3yrs,University,G.P.,No PG training,at.University,0-2yrs
R_26b9GaDG7UqAr2e,Male,36-45,Asia,>10yrs,Public,G.P.,PG training,Other,>10
R_26eUsq1E9CqYDhE,Female,25-30,Asia,3-9yrs,Private,G.P.,PG training,at.CE,3-5yrs
R_26feAdQES6hmPLe,Male,25-30,Asia,3-9yrs,Private,G.P.,No PG training,at.CE,3-5yrs
R_26l2BdqBV4hsfoW,Male,30-35,Asia,>10yrs,Private,Specialty,PG training,at.University,0-2yrs
R_26mRb8VwqzbFQmQ,Male,30-35,Asia,>10yrs,Public,Specialty,PG training,at.University,3-5yrs
R_26mUeqj9f9OyKuf,Female,25-30,Asia,3-9yrs,Private,G.P.,PG training,No.Information,0-2yrs
R_26mwIE1xXTLakte,Female,>45,Asia,>10yrs,University,Specialty,PG training,at.Private,>10
R_271LJuiOc2wI8Eb,Female,25-30,Africa,3-9yrs,University,Post-Graduate Student,No PG training,at.University,3-5yrs
R_27DSz1MbwFiiBoB,Male,36-45,Europe,>10yrs,Private,G.P.,PG training,at.Private,6-10yrs
R_27ItwAgNUVIfGFS,Female,25-30,Asia,3-9yrs,University,Specialty,PG training,at.University,3-5yrs
R_27OSP6FLsCXFUhJ,Male,36-45,Europe,>10yrs,University,G.P.,PG training,at.Private,3-5yrs
R_27P70o6yMs1aq8D,Male,25-30,South America,0-3yrs,Public,G.P.,No PG training,at.Private,0-2yrs
R_27WlgrC3VjAJU5m,Male,<25,Europe,0-3yrs,Private,G.P.,No PG training,at.University,0-2yrs
R_27xp3aZyxcVb3h8,Male,No Information,South America,>10yrs,Private,G.P.,PG training,at.University,>10
R_28J8xFPl81jRzTq,Male,36-45,Europe,>10yrs,Private,Specialty,PG training,No.Information,0-2yrs
R_28OL5L8ocJiOAks,Female,36-45,Asia,>10yrs,University,Specialty,PG training,at.University,0-2yrs
R_28ORestEIeLvk55,Male,>45,Asia,>10yrs,Private,G.P.,PG training,at.Private,>10
R_28TJtzYudj8wqNg,Male,36-45,Asia,>10yrs,University,Specialty,PG training,at.Private,0-2yrs
R_2949g7Oc5uTtXg4,Female,<25,Asia,3-9yrs,Private,Specialty,No PG training,at.Private,6-10yrs
R_29c52V1lYA4YSHS,Male,25-30,South America,3-9yrs,Private,Specialty,PG training,at.University,0-2yrs
R_29hKxX4FQl4s0fn,Male,30-35,Asia,3-9yrs,Private,G.P.,PG training,at.CE,6-10yrs
R_29sr8qv3pxnzt8V,Male,36-45,Asia,3-9yrs,University,Specialty,PG training,at.University,0-2yrs
R_29t3UQy10fqe0CK,Female,30-35,Asia,>10yrs,Public,G.P.,No PG training,at.Private,3-5yrs
R_29uMwtUHbpBM6Pr,Female,25-30,Asia,3-9yrs,Private,G.P.,PG training,at.Private,0-2yrs
R_29UUtlcg6yGO6g9,Male,>45,Europe,>10yrs,Private,G.P.,PG training,at.University,>10
R_29vt8WmVPpKUEMC,Male,30-35,Africa,3-9yrs,Public,Post-Graduate Student,No PG training,at.CE,6-10yrs
R_2A0wlgFpBfOArNF,Female,30-35,Africa,3-9yrs,Public,Specialty,PG training,at.CE,0-2yrs
R_2aCAPsZTaXkyRYr,Male,30-35,Europe,3-9yrs,Private,G.P.,No PG training,No.Information,6-10yrs
R_2AFFfrdRnXrAuWW,Male,<25,North America,0-3yrs,University,G.P.,No PG training,No.Information,0-2yrs
R_2aK9r4ah7nBdKOP,Female,30-35,Europe,>10yrs,Private,G.P.,PG training,at.Private,3-5yrs
R_2amiA3dqxXIL2xl,Male,36-45,Asia,>10yrs,University,Specialty,PG training,at.University,6-10yrs
R_2aOZ7VsszOOltC2,Male,25-30,Europe,0-3yrs,Public,G.P.,PG training,at.University,0-2yrs
R_2aqOaRIzRTgAe8h,Male,36-45,Asia,>10yrs,Private,G.P.,PG training,at.Private,3-5yrs
R_2AR6gjwzxSYHTY3,Male,30-35,Asia,>10yrs,Public,Specialty,PG training,at.University,6-10yrs
R_2arwlHP38q0WlUF,Male,25-30,Asia,0-3yrs,Public,Specialty,PG training,No.Information,0-2yrs
R_2aRXC5lHcAlyNT6,Male,25-30,Europe,0-3yrs,Public,G.P.,No PG training,at.University,0-2yrs
R_2AWQEDGrWOD2M8V,Male,36-45,Asia,>10yrs,Private,Specialty,PG training,at.Private,6-10yrs
R_2azsjSJ9CwVmHEU,Female,<25,Asia,0-3yrs,University,Post-Graduate Student,No PG training,at.University,0-2yrs
R_2azWlMuWq97sndz,Female,25-30,Europe,0-3yrs,University,Post-Graduate Student,No PG training,at.University,0-2yrs
R_2B9BmeInsdEYvw3,Female,25-30,Asia,0-3yrs,No Information,Specialty,No PG training,at.University,0-2yrs
R_2bDAqZUpn4T0dJ7,Female,25-30,Asia,0-3yrs,Private,Post-Graduate Student,PG training,at.Private,0-2yrs
R_2BfjX22Zg1IQIwl,Male,30-35,Asia,0-3yrs,Public,Specialty,PG training,at.University,0-2yrs
R_2bHsUhvA33zCF4W,Female,25-30,North America,0-3yrs,No Information,Specialty,No PG training,at.University,0-2yrs
R_2bIRLpmOZF8K1RE,Female,30-35,Europe,3-9yrs,Public,Post-Graduate Student,No PG training,at.Private,6-10yrs
R_2bPDQtkSyK5Mwuc,Female,30-35,Asia,3-9yrs,Private,G.P.,No PG training,at.University,3-5yrs
R_2BsRRjOPJmtkZ8T,Male,25-30,Asia,0-3yrs,Private,Specialty,PG training,at.Private,0-2yrs
R_2bUcr3PsUNTdMzF,Female,25-30,Australasia ,0-3yrs,Private,G.P.,No PG training,at.Private,0-2yrs
R_2ByCDZD4ol1sTu6,Male,<25,Asia,3-9yrs,University,Specialty,PG training,at.Private,0-2yrs
R_2c0jvwNHxRckO2O,Male,>45,South America,0-3yrs,Private,G.P.,No PG training,at.Private,3-5yrs
R_2c2vnCG2Cx0Arf5,Male,>45,North America,>10yrs,Private,G.P.,No PG training,at.Private,>10
R_2c7o5nNl7Xx5NzZ,Male,25-30,Asia,0-3yrs,University,Post-Graduate Student,No PG training,at.University,0-2yrs
R_2c7Ty7VR0WNW2xf,Male,36-45,Asia,>10yrs,Private,G.P.,PG training,at.Private,0-2yrs
R_2CB1UIuXEt6zB8Y,Female,30-35,Europe,3-9yrs,University,Post-Graduate Student,PG training,at.CE,0-2yrs
R_2cbgC49FDs2QvRJ,Female,36-45,Asia,>10yrs,Private,G.P.,PG training,at.Private,>10
R_2CdNVzZWtlWcyuf,Male,25-30,Asia,0-3yrs,Public,G.P.,No PG training,No.Information,0-2yrs
R_2ciucZCtiGYgZAr,Male,30-35,Africa,3-9yrs,Public,G.P.,No PG training,No.Information,>10
R_2CIWIChL6y2uHuB,Male,>45,Asia,>10yrs,Public,Specialty,No PG training,Other,>10
R_2CJ8wokyXUu6Lbe,Female,30-35,Europe,3-9yrs,Private,Specialty,PG training,No.Information,3-5yrs
R_2ClaowrWpzQKEJ5,Female,25-30,Australasia ,0-3yrs,Private,G.P.,No PG training,at.CE,3-5yrs
R_2CPqZvGZ8gBWLLJ,Male,36-45,Asia,>10yrs,University,Specialty,PG training,at.University,>10
R_2cttlIsJj3cEhHE,Female,25-30,Asia,3-9yrs,Private,Specialty,PG training,at.University,3-5yrs
R_2CVqI3yKNkeyZq8,Female,25-30,Asia,3-9yrs,Private,G.P.,No PG training,at.University,3-5yrs
R_2CvVL7q590kpYBc,Male,36-45,Asia,>10yrs,Public,G.P.,PG training,at.Private,6-10yrs
R_2CwH8vA0zl9z6Dx,Female,>45,Asia,>10yrs,Public,G.P.,PG training,Other,0-2yrs
R_2D00p0ZgRb8HkxT,Female,>45,Europe,>10yrs,Private,G.P.,PG training,at.Private,>10
R_2D0v0VPGihr3dHw,Male,<25,Europe,0-3yrs,University,Specialty,No PG training,at.University,0-2yrs
R_2D1y2FpR5Fi83Lv,Male,30-35,Asia,0-3yrs,Public,Specialty,PG training,at.University,3-5yrs
R_2D5BL575AKv2Vah,Female,25-30,Europe,3-9yrs,Private,Post-Graduate Student,PG training,at.University,0-2yrs
R_2D5eClanZzkcR9h,Male,25-30,Asia,0-3yrs,Private,G.P.,No PG training,at.University,3-5yrs
R_2D6LzqxKLSuZWJq,Male,25-30,Europe,3-9yrs,Private,G.P.,No PG training,at.Private,0-2yrs
R_2dgXcVxXSJmnEUQ,Female,25-30,Asia,0-3yrs,Public,Post-Graduate Student,No PG training,No.Information,0-2yrs
R_2dj27G1jPXVtjyi,Male,30-35,Asia,3-9yrs,University,Specialty,PG training,at.Private,3-5yrs
R_2dKiaYUqbOMO4j4,Male,36-45,Africa,3-9yrs,Private,Post-Graduate Student,No PG training,at.Private,0-2yrs
R_2dKrk1a7aWMSw1P,Male,36-45,Europe,>10yrs,Private,Specialty,PG training,at.Private,0-2yrs
R_2DMqE11Brg0LvpX,Male,36-45,Europe,>10yrs,Private,G.P.,PG training,at.Private,6-10yrs
R_2DMu3ISoJrZytKw,Male,25-30,Europe,3-9yrs,Private,G.P.,No PG training,No.Information,3-5yrs
R_2DMvkJ6UisIx6le,Female,30-35,Europe,3-9yrs,Private,Specialty,PG training,at.Private,3-5yrs
R_2dNk4bdjk4f6qXj,Male,>45,North America,>10yrs,Private,G.P.,No PG training,at.University,>10
R_2dRV8VforBE1YYq,Male,>45,Australasia ,>10yrs,Private,G.P.,PG training,at.Private,>10
R_2dsS0bzf8stpIOk,Male,<25,Africa,0-3yrs,Public,G.P.,No PG training,No.Information,0-2yrs
R_2dzRlFmECDuyOpC,Male,36-45,Asia,>10yrs,Private,G.P.,No PG training,at.Private,6-10yrs
R_2DZVNCgMTc1oXHn,Male,25-30,Africa,0-3yrs,Private,G.P.,No PG training,at.Private,0-2yrs
R_2e57kiMt3gwZ7FP,Male,30-35,Africa,>10yrs,Private,Post-Graduate Student,No PG training,at.Private,0-2yrs
R_2E5i6UcEoIkNpoW,Female,30-35,Asia,0-3yrs,Private,Specialty,No PG training,No.Information,0-2yrs
R_2Eabws9w2sSHBIo,Female,36-45,Europe,>10yrs,Private,Post-Graduate Student,PG training,No.Information,>10
R_2EGYQn0pJjzzVo6,Male,25-30,Asia,0-3yrs,University,Specialty,PG training,at.University,0-2yrs
R_2EiQy6bfY5xCbaF,Male,30-35,South America,3-9yrs,Private,Specialty,No PG training,at.Private,0-2yrs
R_2EjjvGVqYgukN6h,Male,25-30,Europe,3-9yrs,Private,Specialty,PG training,No.Information,3-5yrs
R_2ePaUoKw1EPK4VY,Female,36-45,Asia,>10yrs,University,Specialty,PG training,at.Private,6-10yrs
R_2eQJFGpyxwkJmqM,Male,25-30,Asia,3-9yrs,Public,Post-Graduate Student,No PG training,at.University,3-5yrs
R_2eR4CO4KLja9JGe,Male,25-30,Asia,0-3yrs,University,G.P.,No PG training,at.University,0-2yrs
R_2EsL7r4254kzG4K,Male,25-30,Asia,3-9yrs,Public,Specialty,PG training,at.University,0-2yrs
R_2EzTeSqWWe5EUVI,Female,30-35,Europe,3-9yrs,Private,Specialty,PG training,at.University,0-2yrs
R_2f4UecgMneAtcw9,Male,>45,Asia,>10yrs,University,Specialty,PG training,at.University,>10
R_2fCd35Xb8vUiWPH,Female,30-35,Europe,3-9yrs,Private,Specialty,PG training,at.Private,0-2yrs
R_2fD0MAaJy7IndDH,Male,25-30,Africa,3-9yrs,Private,G.P.,No PG training,at.CE,0-2yrs
R_2fDqjmGB7GKspIT,Male,30-35,Asia,3-9yrs,University,Specialty,PG training,at.University,6-10yrs
R_2fHVZQ1pqKSLIwL,Female,25-30,Asia,3-9yrs,Private,G.P.,No PG training,at.Private,0-2yrs
R_2fjHsacBx9Y2TVU,Female,<25,Asia,0-3yrs,University,G.P.,PG training,at.University,0-2yrs
R_2fJX3r9YBZDWX9X,Male,36-45,Asia,>10yrs,University,Specialty,PG training,at.University,6-10yrs
R_2foHRmMa5Zrr7RU,Male,30-35,Asia,3-9yrs,Private,G.P.,PG training,at.University,0-2yrs
R_2fp8a8YkQvsuKxc,Male,36-45,Europe,>10yrs,Private,G.P.,PG training,at.Private,6-10yrs
R_2fpQGvMhwV9F3m9,Male,25-30,Africa,0-3yrs,University,Post-Graduate Student,No PG training,at.University,0-2yrs
R_2fvUBljmMo2FXoi,Male,<25,Asia,0-3yrs,Private,Post-Graduate Student,No PG training,at.Private,0-2yrs
R_2fwwEb9Aq35xaaK,Male,30-35,Asia,>10yrs,Private,Specialty,PG training,at.Private,6-10yrs
R_2gTxMXuvhNYoPwB,Female,25-30,Europe,0-3yrs,Private,Post-Graduate Student,PG training,at.Private,0-2yrs
R_2lYCzpRyuCcU5TH,Male,36-45,Europe,>10yrs,Private,G.P.,No PG training,at.Private,6-10yrs
R_2mKwl2BLld4j7e9,Male,36-45,Asia,>10yrs,Private,G.P.,PG training,at.Private,0-2yrs
R_2OGzEgGbVl630Sh,Male,36-45,North America,0-3yrs,No Information,G.P.,No PG training,at.University,>10
R_2OHDIFJqRlwUUmi,Male,>45,Europe,>10yrs,Private,Specialty,No PG training,at.Private,0-2yrs
R_2OHf4uRbHQYOf0I,Female,36-45,Asia,>10yrs,Public,Specialty,PG training,at.CE,6-10yrs
R_2OVWN20ISclkh4d,Female,36-45,Asia,>10yrs,Public,G.P.,PG training,No.Information,>10
R_2OVz71Jtg1cIR9K,Male,36-45,Asia,>10yrs,Private,Specialty,No PG training,at.Private,>10
R_2PAKdZVLVnSVbJo,Male,25-30,South America,0-3yrs,Private,Specialty,PG training,at.University,0-2yrs
R_2Phs4LC4jLWZLkQ,Male,<25,Asia,0-3yrs,Private,Specialty,No PG training,at.Private,0-2yrs
R_2PmKd3Zsug1To86,Female,<25,Asia,0-3yrs,Public,G.P.,No PG training,at.University,3-5yrs
R_2q40CCrjjdGprQ1,Male,25-30,Europe,0-3yrs,Public,G.P.,No PG training,at.CE,0-2yrs
R_2q4aOFv3HkZlCRT,Male,25-30,South America,0-3yrs,Private,Post-Graduate Student,No PG training,No.Information,0-2yrs
R_2q8DHxECiI7l57E,Female,36-45,Asia,0-3yrs,Private,Specialty,No PG training,at.CE,0-2yrs
R_2QA5g6roYHVJQz8,Male,25-30,Asia,0-3yrs,Private,G.P.,No PG training,at.Private,0-2yrs
R_2qgGbcEpKSX2Gi4,Male,30-35,Africa,3-9yrs,Private,G.P.,No PG training,at.Private,3-5yrs
R_2qgGk2GS9nAEJU2,Female,36-45,Asia,>10yrs,Public,G.P.,PG training,at.Private,3-5yrs
R_2QheKP1UbhaIF5C,Male,25-30,Asia,3-9yrs,Private,G.P.,PG training,at.University,3-5yrs
R_2QJrRZIExQaeSq6,Female,36-45,Asia,>10yrs,Public,G.P.,PG training,Other,>10
R_2qjzonQZ3sulW2F,Male,36-45,Asia,>10yrs,Private,G.P.,No PG training,at.Private,>10
R_2qkLjJe2aP6xJ9a,Male,36-45,Asia,>10yrs,Private,Post-Graduate Student,PG training,Other,0-2yrs
R_2QL3AHeNABFGXEs,Male,30-35,Europe,3-9yrs,Private,G.P.,No PG training,No.Information,6-10yrs
R_2QLgeCdqgbGbPUE,Male,25-30,Asia,0-3yrs,Public,Specialty,PG training,at.University,3-5yrs
R_2QLHo3rkDgaR0MJ,Female,30-35,Asia,3-9yrs,Public,Specialty,PG training,at.Private,0-2yrs
R_2QQjyWm1EHPuPEx,Male,25-30,Europe,3-9yrs,University,Post-Graduate Student,No PG training,at.Private,0-2yrs
R_2QROcuIXsFIBxU5,Male,25-30,Asia,3-9yrs,University,Post-Graduate Student,No PG training,at.University,3-5yrs
R_2QtcLozLPaSaCgK,Male,30-35,Asia,3-9yrs,Private,G.P.,PG training,at.Private,6-10yrs
R_2Qtg1reX6tMJQYR,Male,25-30,Asia,3-9yrs,Private,Specialty,PG training,No.Information,0-2yrs
R_2QxufqzAgT8i2sF,Male,25-30,South America,0-3yrs,Private,Post-Graduate Student,No PG training,at.University,0-2yrs
R_2Qy5CPA5j8RdkFU,Female,25-30,Europe,>10yrs,Private,Specialty,PG training,at.University,0-2yrs
R_2R2HUMWN59MVcf4,Male,25-30,Europe,3-9yrs,Private,G.P.,PG training,at.CE,3-5yrs
R_2R4G9cuLjrcSc32,Male,36-45,Asia,3-9yrs,Private,G.P.,No PG training,at.Private,>10
R_2Raml8QLvotTFLL,Male,>45,North America,0-3yrs,University,G.P.,No PG training,No.Information,0-2yrs
R_2rBGLP2KmeOEu0i,Male,25-30,Africa,0-3yrs,University,Specialty,PG training,at.CE,0-2yrs
R_2rBNfxfQsnr3VmG,Male,30-35,Europe,>10yrs,Private,G.P.,PG training,at.University,6-10yrs
R_2rHIlvEkOwiUrT0,Male,25-30,Africa,3-9yrs,Private,G.P.,No PG training,at.Private,0-2yrs
R_2rkBmM5M4R973Cy,Male,25-30,Asia,0-3yrs,University,Specialty,PG training,at.University,0-2yrs
R_2rNL5ZIUqs2BD7d,Female,36-45,Asia,>10yrs,Private,Specialty,PG training,No.Information,0-2yrs
R_2rOXfl6Gr9GtbML,Male,36-45,Asia,>10yrs,Private,G.P.,PG training,at.CE,3-5yrs
R_2RQy2ObisTCiYCX,Male,36-45,Europe,>10yrs,Public,Specialty,PG training,at.University,3-5yrs
R_2rU6yRxDqu5kGv8,Male,25-30,Europe,0-3yrs,Private,G.P.,No PG training,at.University,0-2yrs
R_2rZw0797KwNoukP,Male,36-45,Europe,>10yrs,Private,G.P.,PG training,at.Private,0-2yrs
R_2S13izlW1bu38Nl,Male,25-30,Africa,3-9yrs,University,Specialty,PG training,at.University,0-2yrs
R_2S1vb7zIOwqP7rt,Male,25-30,Asia,3-9yrs,Private,Specialty,PG training,at.University,0-2yrs
R_2s4phoWlclBSB8C,Female,25-30,Africa,0-3yrs,Private,G.P.,No PG training,at.CE,0-2yrs
R_2S6pKJPIebtyaVH,Female,25-30,Asia,0-3yrs,Private,G.P.,No PG training,at.Private,0-2yrs
R_2sbtLTRNOM6cQAK,Male,36-45,Asia,>10yrs,University,Specialty,PG training,at.University,3-5yrs
R_2SCydJPD7iXrYuT,Male,30-35,Asia,3-9yrs,Private,G.P.,PG training,at.Private,0-2yrs
R_2Sf2s0GRFKLBpcm,Male,30-35,Asia,0-3yrs,Public,Specialty,PG training,at.Private,0-2yrs
R_2SofcyIlLRXCLln,Female,25-30,Asia,3-9yrs,Public,G.P.,PG training,Other,6-10yrs
R_2sTH9PEKYS5Uf85,Male,36-45,Asia,>10yrs,Private,G.P.,No PG training,at.CE,>10
R_2sTsGvUZeBmThpT,Female,36-45,Europe,>10yrs,Private,Specialty,PG training,at.University,0-2yrs
R_2sUeXXImqNlwnvV,Male,36-45,Asia,>10yrs,Public,G.P.,PG training,at.University,6-10yrs
R_2Sxz0wWg2JJHfQY,Male,36-45,Asia,>10yrs,University,Post-Graduate Student,PG training,at.Private,>10
R_2t2wayiOl6iEEX7,Male,30-35,Europe,3-9yrs,Private,Specialty,PG training,No.Information,3-5yrs
R_2t42WXeZMoqAGF8,Male,30-35,Asia,3-9yrs,Private,G.P.,No PG training,at.Private,6-10yrs
R_2TI7utBPMBrUcDb,Male,<25,Africa,0-3yrs,University,Specialty,PG training,at.University,0-2yrs
R_2tJacXKhjT2qr85,Male,25-30,Asia,3-9yrs,Private,G.P.,No PG training,at.Private,3-5yrs
R_2tJZlYWndTIHiuB,Female,>45,Asia,>10yrs,University,Specialty,PG training,at.University,>10
R_2TLAyK7oKMwZ3FA,Female,25-30,Asia,3-9yrs,Public,Specialty,PG training,at.University,0-2yrs
R_2TLfHH6M9Jrr5ep,Female,<25,Asia,0-3yrs,University,Post-Graduate Student,No PG training,No.Information,0-2yrs
R_2TT2EVuyWD1YOFf,Male,>45,South America,>10yrs,Private,Specialty,PG training,at.Private,3-5yrs
R_2TT7reSzJvGfCPn,Male,<25,Europe,0-3yrs,University,G.P.,No PG training,at.Private,0-2yrs
R_2TtaXwzobHIvAV3,Male,36-45,Africa,>10yrs,Public,G.P.,No PG training,at.Private,>10
R_2TtRjZGjI8XoBA3,Male,30-35,Asia,3-9yrs,Private,G.P.,No PG training,at.Private,0-2yrs
R_2Tw4tFO1iT7J5iu,Male,25-30,Europe,3-9yrs,Private,Specialty,PG training,at.University,3-5yrs
R_2TYTWti9CRuzICC,Female,30-35,Asia,3-9yrs,Private,Post-Graduate Student,No PG training,at.Private,3-5yrs
R_2U9GHhCCJ21FTKg,Male,30-35,Europe,3-9yrs,Private,G.P.,No PG training,at.CE,6-10yrs
R_2Ua1s55RcmlcDOl,Male,36-45,Europe,>10yrs,Private,G.P.,PG training,at.Private,6-10yrs
R_2UbHhspmo2YLh2g,Male,30-35,Asia,3-9yrs,Private,G.P.,No PG training,at.Private,3-5yrs
R_2uCAeEpqeWImSGo,Male,>45,Asia,>10yrs,Private,Specialty,PG training,at.CE,>10
R_2Uci2qEHXcabjLp,Female,30-35,Europe,0-3yrs,Public,G.P.,No PG training,No.Information,0-2yrs
R_2uE8i30ubyUQHO2,Female,36-45,Europe,>10yrs,Private,Specialty,PG training,at.University,6-10yrs
R_2uHYUnx0CPtycbC,Female,30-35,Europe,3-9yrs,Private,G.P.,No PG training,at.CE,6-10yrs
R_2uqsU49jT0tvrrc,Male,25-30,Asia,0-3yrs,Private,G.P.,No PG training,at.Private,0-2yrs
R_2UVgfNooxkEs7ZG,Male,25-30,Africa,0-3yrs,University,Post-Graduate Student,No PG training,at.University,0-2yrs
R_2v1HxzrVE6HCcjk,Male,>45,Europe,>10yrs,Private,G.P.,PG training,at.Private,6-10yrs
R_2v5IbudARYhNEN5,Male,36-45,Europe,>10yrs,Private,Specialty,PG training,at.University,0-2yrs
R_2v7TXEBAAWUQbiD,Male,36-45,Europe,>10yrs,Private,Specialty,PG training,No.Information,0-2yrs
R_2v98pKVpTN50Rou,Female,36-45,Europe,>10yrs,Private,G.P.,PG training,at.Private,0-2yrs
R_2vczLjipCJbBYVF,Female,<25,North America,0-3yrs,Private,G.P.,No PG training,No.Information,0-2yrs
R_2VEpa6ReZEv3n0O,Male,30-35,Asia,3-9yrs,Private,G.P.,PG training,at.CE,3-5yrs
R_2VL17LzyrzCx0zC,Male,25-30,Asia,0-3yrs,Private,G.P.,No PG training,at.Private,0-2yrs
R_2VqAhk9rOAtC717,Male,25-30,Asia,3-9yrs,Private,G.P.,PG training,at.CE,6-10yrs
R_2VqjfEjPXmgNFiG,Male,>45,Europe,>10yrs,Private,G.P.,PG training,at.CE,0-2yrs
R_2VQjTh2FBQK6Nem,Male,30-35,Australasia ,3-9yrs,Private,G.P.,No PG training,at.Private,6-10yrs
R_2vYAOcX7HLg2nRb,Male,25-30,Europe,3-9yrs,Private,G.P.,PG training,at.Private,0-2yrs
R_2vYxSgX2E0Vnoju,Male,>45,North America,>10yrs,Private,G.P.,PG training,at.University,>10
R_2w1BmBOlUnwwjvQ,Male,36-45,Europe,>10yrs,Private,Specialty,PG training,Other,3-5yrs
R_2wajhCT43Takxqn,Female,30-35,Asia,3-9yrs,Public,Specialty,PG training,at.University,3-5yrs
R_2wBLtYRzfbFDQr8,Male,25-30,Asia,>10yrs,University,Specialty,PG training,at.University,3-5yrs
R_2wbnknPwUMG9CXh,Male,25-30,Asia,0-3yrs,University,G.P.,No PG training,at.CE,0-2yrs
R_2wHwVN9mOJR9Msx,Male,36-45,Europe,>10yrs,Private,G.P.,No PG training,at.Private,6-10yrs
R_2wif5VJHZbnz0Mk,Female,>45,Asia,3-9yrs,Private,G.P.,No PG training,at.Private,3-5yrs
R_2WIL640YvSjRj2c,Female,30-35,Africa,3-9yrs,Private,G.P.,No PG training,at.Private,3-5yrs
R_2wn0hBM0ec0sk9N,Female,36-45,Asia,>10yrs,Private,G.P.,No PG training,at.Private,6-10yrs
R_2wn6HSCAYqYkEp7,Male,25-30,Asia,0-3yrs,Private,Specialty,PG training,at.Private,0-2yrs
R_2wpOuoafiejeQtm,Male,36-45,Asia,>10yrs,University,Specialty,PG training,at.University,6-10yrs
R_2wQRW01aqs2cDzP,Female,30-35,Asia,3-9yrs,University,Post-Graduate Student,PG training,at.University,3-5yrs
R_2wREpCW1znpCAer,Male,36-45,Asia,>10yrs,Private,G.P.,PG training,at.Private,6-10yrs
R_2wt1PQfvmtGWiYS,Female,>45,South America,>10yrs,Public,G.P.,PG training,No.Information,0-2yrs
R_2wt9ldMHzSyrkHA,Male,36-45,Asia,0-3yrs,Private,Specialty,No PG training,at.Private,0-2yrs
R_2wTd5QIwXLWto80,Male,36-45,Asia,>10yrs,University,Specialty,PG training,at.University,6-10yrs
R_2Wva9xSlCknagfs,Female,<25,Asia,0-3yrs,University,Post-Graduate Student,No PG training,No.Information,0-2yrs
R_2WVvAgLKSTzJAQL,Female,25-30,Europe,3-9yrs,Public,Post-Graduate Student,No PG training,at.Private,6-10yrs
R_2WYbl7rmmDcaAkG,Female,36-45,Europe,>10yrs,Private,G.P.,No PG training,at.Private,>10
R_2wyGUWf348ojLNE,Male,30-35,Asia,>10yrs,Private,G.P.,No PG training,at.Private,0-2yrs
R_2WYUtdWeUSjzFwb,Male,30-35,Asia,>10yrs,Private,G.P.,PG training,No.Information,0-2yrs
R_2wzgbaoUc5gHMIB,Female,36-45,Asia,>10yrs,Private,G.P.,No PG training,at.Private,>10
R_2wztf3gDt3Na9ar,Male,>45,Europe,>10yrs,Private,G.P.,No PG training,at.Private,6-10yrs
R_2X5KOm9lfatOdp3,Male,<25,Africa,0-3yrs,University,Specialty,No PG training,No.Information,0-2yrs
R_2xEQHeTwXop6HtL,Female,25-30,Asia,3-9yrs,Private,Specialty,PG training,at.Private,3-5yrs
R_2xFQWF0sGqisylg,Female,30-35,Asia,3-9yrs,Public,Specialty,PG training,at.University,0-2yrs
R_2xJirJqb7UJ9xM4,Male,>45,North America,>10yrs,Private,G.P.,No PG training,at.Private,6-10yrs
R_2xLj20dqvmWRERf,Male,36-45,Asia,>10yrs,Private,G.P.,PG training,at.Private,3-5yrs
R_2XnhrUAUlmUllpS,Male,36-45,Asia,>10yrs,Private,G.P.,No PG training,at.Private,6-10yrs
R_2xP54yvFFfzl8at,Male,36-45,Asia,>10yrs,Public,Post-Graduate Student,PG training,Other,6-10yrs
R_2xWvJvOth1BxK06,Male,25-30,Africa,3-9yrs,Private,Post-Graduate Student,No PG training,at.Private,0-2yrs
R_2xyjezoSjdVUwf8,Male,>45,Europe,>10yrs,Private,G.P.,PG training,at.Private,0-2yrs
R_2y3nACYy7RcX0qN,Male,30-35,Australasia ,0-3yrs,Private,G.P.,No PG training,at.CE,0-2yrs
R_2y3OgcoGcnT7C7t,Female,25-30,Asia,3-9yrs,Private,G.P.,PG training,at.Private,3-5yrs
R_2y7tgHAr7H4ijE1,Female,>45,Asia,>10yrs,Private,G.P.,No PG training,at.Private,>10
R_2y9rH4ziwcXw44f,Male,<25,Africa,0-3yrs,University,G.P.,No PG training,at.University,0-2yrs
R_2yazecQKYHLhryE,Male,25-30,Africa,0-3yrs,University,G.P.,No PG training,at.CE,0-2yrs
R_2Yb8c9OG863arlJ,Male,36-45,Asia,>10yrs,Public,G.P.,No PG training,Other,0-2yrs
R_2yfkOMLehamYQ4Z,Female,25-30,Europe,3-9yrs,Public,Post-Graduate Student,No PG training,at.University,3-5yrs
R_2yjX9cK2QKSt37M,Female,25-30,Asia,3-9yrs,Private,G.P.,No PG training,No.Information,6-10yrs
R_2yk1USnDLS6xCqw,Male,36-45,Asia,>10yrs,Private,Specialty,PG training,at.Private,3-5yrs
R_2ykDRugYV9wmdoG,Male,25-30,Australasia ,3-9yrs,Private,G.P.,No PG training,Other,0-2yrs
R_2ykYhA8nXk5u6wC,Female,36-45,North America,>10yrs,Private,Specialty,PG training,at.University,>10
R_2YLFeItrVjPaHEL,Female,36-45,Europe,>10yrs,Private,G.P.,No PG training,at.Private,3-5yrs
R_2ylzkJQdOB6hyE4,Male,25-30,Europe,3-9yrs,Public,Post-Graduate Student,No PG training,at.University,3-5yrs
R_2YMaSMetVgFDIFK,Male,<25,Asia,0-3yrs,Private,G.P.,No PG training,at.Private,0-2yrs
R_2YP3FB1HFZrfUWE,Female,25-30,Asia,0-3yrs,University,Post-Graduate Student,PG training,Other,0-2yrs
R_2YRpQvFrDmG644p,Male,>45,Asia,>10yrs,Private,G.P.,PG training,at.Private,>10
R_2YwXqrg4LlfPlJl,Male,25-30,Asia,3-9yrs,University,Specialty,PG training,at.University,0-2yrs
R_2z5YZmPItD7fSQo,Female,36-45,Asia,3-9yrs,Private,Specialty,PG training,at.CE,3-5yrs
R_2zBbkNrcPyVZXZm,Male,36-45,Europe,>10yrs,Private,Specialty,PG training,at.University,6-10yrs
R_2ZD0BESLTjkj4rW,Male,>45,Europe,>10yrs,Private,G.P.,No PG training,at.CE,>10
R_2zeDyep86e2cW8c,Male,30-35,Asia,3-9yrs,Private,G.P.,No PG training,at.Private,>10
R_2ZHSd9P0swlr9Tf,Male,36-45,Europe,>10yrs,Private,G.P.,PG training,No.Information,6-10yrs
R_2zJ93CFQxpH9M3o,Male,25-30,Europe,0-3yrs,Public,G.P.,No PG training,at.University,0-2yrs
R_2ZJFuvNhUVfETsr,Female,36-45,Asia,3-9yrs,Private,G.P.,No PG training,at.Private,3-5yrs
R_2zka3zHhbtDS55c,Female,25-30,Asia,3-9yrs,University,Specialty,PG training,at.University,3-5yrs
R_2zkdxylcqAGmj8v,Female,30-35,Asia,3-9yrs,Private,G.P.,No PG training,at.Private,3-5yrs
R_2zqhku2NJyfS94x,Male,36-45,Europe,>10yrs,Private,G.P.,PG training,No.Information,6-10yrs
R_2ZQtF3IvQmIqWs0,Male,36-45,Europe,>10yrs,Private,G.P.,PG training,at.Private,3-5yrs
R_2zraGmf3qVJ8jvu,Male,30-35,Africa,>10yrs,University,G.P.,PG training,at.University,6-10yrs
R_2ZTGHV35TeQBV4W,Male,36-45,South America,>10yrs,Public,Specialty,PG training,at.Private,>10
R_2zTvg9865oqGKyO,Male,>45,Asia,>10yrs,Private,G.P.,PG training,at.Private,>10
R_2ZZEvhzuQvmX2GB,Female,30-35,Europe,3-9yrs,Private,G.P.,No PG training,at.Private,3-5yrs
R_30jjZsnUbdocPSz,Female,25-30,Asia,3-9yrs,Private,G.P.,No PG training,at.Private,3-5yrs
R_30qt0c6At0HoCue,Female,>45,Asia,>10yrs,Private,G.P.,No PG training,at.Private,>10
R_30tJKDkiZOWJvam,Female,30-35,Asia,3-9yrs,Private,Specialty,PG training,at.University,3-5yrs
R_30vptijWMRvQm2h,Male,30-35,Europe,>10yrs,Private,G.P.,No PG training,at.Private,6-10yrs
R_31c03jYLooAxiqw,Female,36-45,Asia,>10yrs,Private,G.P.,No PG training,at.University,>10
R_31Gf4vgxoQjqwlj,Male,30-35,Asia,3-9yrs,Private,Specialty,No PG training,at.University,3-5yrs
R_31hMph4kmY4cnFp,Male,36-45,Asia,>10yrs,Private,G.P.,PG training,at.Private,0-2yrs
R_31MoJPGgdDVHyZj,Male,30-35,Asia,>10yrs,Private,G.P.,PG training,at.Private,>10
R_31NKEv1UFZdQZ4j,Male,30-35,Asia,3-9yrs,Private,Specialty,No PG training,at.Private,0-2yrs
R_31T6eMIyZvOCB3o,Male,25-30,Asia,3-9yrs,Private,Specialty,PG training,at.CE,0-2yrs
R_31TcjbBpG7UMKBy,Male,>45,Asia,>10yrs,Private,G.P.,No PG training,at.Private,>10
R_31ZBBCenwQaR6xR,Male,<25,Africa,0-3yrs,University,G.P.,No PG training,at.CE,0-2yrs
R_32SoTw1BWggbuLI,Male,36-45,Asia,>10yrs,Private,G.P.,No PG training,at.Private,6-10yrs
R_331EroyaJi4xuHg,Female,36-45,Europe,>10yrs,Private,G.P.,PG training,at.Private,3-5yrs
R_33BXaXmbLKej5S9,Female,No Information,Africa,>10yrs,Private,G.P.,PG training,No.Information,>10
R_33DpVQJX1evHE2j,Male,25-30,Asia,0-3yrs,Public,G.P.,No PG training,at.University,0-2yrs
R_33ehpZotou1IXN1,Male,25-30,Africa,3-9yrs,University,Post-Graduate Student,No PG training,at.University,3-5yrs
R_33kjGl40Ea8Nvdi,Male,36-45,Europe,>10yrs,Private,G.P.,No PG training,at.Private,3-5yrs
R_33pQiIJYide0XoW,Female,25-30,Europe,3-9yrs,Private,Specialty,PG training,at.Private,0-2yrs
R_33wjDrEC4a6JwMN,Male,>45,North America,>10yrs,Private,G.P.,No PG training,at.CE,>10
R_33ybx2qYESj3atZ,Female,<25,Europe,0-3yrs,University,G.P.,No PG training,No.Information,0-2yrs
R_3CBICZ2b4JeKkx0,Male,25-30,South America,0-3yrs,Private,G.P.,PG training,at.University,0-2yrs
R_3CBLzc6ZSvNyU11,Male,36-45,Asia,>10yrs,Private,G.P.,No PG training,at.Private,3-5yrs
R_3CC4MiAg48mjkV6,Male,30-35,Europe,>10yrs,Private,G.P.,PG training,at.Private,3-5yrs
R_3CEnLSpU7v28B4s,Male,>45,South America,>10yrs,Private,G.P.,PG training,at.University,6-10yrs
R_3CN7vkpOdyNpX5Q,Male,25-30,Asia,0-3yrs,University,Specialty,PG training,at.University,3-5yrs
R_3COWsUXxtFIiGKP,Female,25-30,Asia,0-3yrs,Public,G.P.,PG training,at.Private,0-2yrs
R_3CTqpmKZ5hxv9jf,Female,36-45,Asia,>10yrs,Public,Post-Graduate Student,PG training,at.CE,3-5yrs
R_3CU7RP7XWxDcLea,Male,25-30,Europe,0-3yrs,Public,G.P.,No PG training,at.Private,0-2yrs
R_3D5EH48OmAj9i1D,Male,25-30,South America,0-3yrs,Private,G.P.,No PG training,at.University,0-2yrs
R_3D71lBiRYAaLMmn,Female,36-45,Asia,>10yrs,Private,G.P.,PG training,at.Private,>10
R_3D8w6THgqOtARCy,Male,36-45,North America,>10yrs,Private,G.P.,No PG training,at.CE,>10
R_3DcEg11N9YGKNA8,Female,36-45,Asia,>10yrs,Public,Specialty,PG training,at.University,3-5yrs
R_3dFCmSkbwU9Hh7x,Male,>45,Asia,3-9yrs,Private,G.P.,PG training,at.CE,>10
R_3Dgalu9divWZTYl,Male,30-35,Europe,>10yrs,Private,G.P.,PG training,at.CE,0-2yrs
R_3dH2Vg9YeTbqCTz,Male,30-35,Asia,3-9yrs,Private,G.P.,No PG training,at.Private,0-2yrs
R_3dHbyhr2zt4glL8,Male,<25,Africa,0-3yrs,University,G.P.,PG training,at.CE,0-2yrs
R_3DjCWxtZRWQtNYi,Female,30-35,Asia,3-9yrs,Private,G.P.,PG training,at.Private,3-5yrs
R_3dJQAPC3YhSkADx,Female,25-30,Australasia ,3-9yrs,Private,G.P.,No PG training,No.Information,>10
R_3DoHEBUDPzgpW70,Male,<25,Asia,0-3yrs,University,Post-Graduate Student,No PG training,at.University,0-2yrs
R_3dRFeSZ42jfD4EL,Male,30-35,South America,>10yrs,Private,Specialty,PG training,at.Private,3-5yrs
R_3dWIsY6u2kRufAk,Male,36-45,Europe,>10yrs,Private,Specialty,PG training,at.Private,0-2yrs
R_3e2cqrYhfJxtjOY,Male,25-30,Africa,3-9yrs,Private,G.P.,No PG training,at.CE,3-5yrs
R_3e5mjVhj7lQbagL,Female,30-35,Asia,>10yrs,Public,G.P.,PG training,at.University,3-5yrs
R_3EcEVNTP8jAl8jv,Male,36-45,Europe,3-9yrs,Public,Specialty,PG training,at.Private,3-5yrs
R_3efffpIy4W4iYFL,Male,36-45,Asia,>10yrs,Private,G.P.,PG training,at.Private,3-5yrs
R_3EfIfREMeqeBdoS,Male,25-30,Asia,0-3yrs,Private,G.P.,No PG training,at.Private,0-2yrs
R_3EG6KjaGHbRpmpC,Male,36-45,Europe,>10yrs,Private,G.P.,PG training,at.Private,>10
R_3EglquwRn7I0Ioi,Male,36-45,Asia,>10yrs,Private,G.P.,No PG training,at.CE,6-10yrs
R_3Ego5ZRjQ1wdwQP,Female,25-30,Asia,0-3yrs,Private,G.P.,No PG training,at.Private,0-2yrs
R_3EgRobFS2lQ9VjL,Male,36-45,Asia,>10yrs,Private,G.P.,No PG training,at.CE,3-5yrs
R_3EgwGMmdlXWcR9x,Male,>45,Europe,>10yrs,Private,G.P.,No PG training,No.Information,6-10yrs
R_3EHcFWig8ZyqpNf,Female,25-30,Africa,3-9yrs,Private,G.P.,PG training,at.CE,3-5yrs
R_3EiiruhbCjC5kwp,Male,30-35,Europe,3-9yrs,Private,G.P.,No PG training,No.Information,6-10yrs
R_3EKBWcSIQQmaFtS,Male,>45,Europe,>10yrs,Private,Specialty,PG training,at.University,0-2yrs
R_3emnUWcmQj9i6ZZ,Female,30-35,Asia,3-9yrs,Public,Specialty,No PG training,No.Information,0-2yrs
R_3EoMkcBoNtrqN6r,Female,36-45,South America,>10yrs,Private,Specialty,PG training,at.University,0-2yrs
R_3EpbfxkztibiC37,Male,>45,Europe,>10yrs,Private,Specialty,PG training,at.Private,3-5yrs
R_3eqvvC94dmpyHt4,Male,36-45,Asia,3-9yrs,Private,Post-Graduate Student,PG training,at.Private,3-5yrs
R_3Esu5mNIKFVglDl,Female,25-30,Europe,3-9yrs,Private,G.P.,PG training,at.CE,0-2yrs
R_3et0pPIHyHukCYd,Male,30-35,Asia,3-9yrs,Private,G.P.,PG training,at.University,0-2yrs
R_3ETgDoJmFryuc4b,Male,30-35,Asia,3-9yrs,Private,G.P.,No PG training,at.Private,0-2yrs
R_3etoDTzbynAN4R9,Male,30-35,Asia,3-9yrs,Private,Specialty,PG training,at.Private,3-5yrs
R_3ETsDxrlBREL4rO,Male,36-45,South America,>10yrs,Private,Specialty,PG training,at.University,6-10yrs
R_3EuQkc7znmFyeJJ,Female,30-35,South America,3-9yrs,Private,Specialty,PG training,at.University,6-10yrs
R_3EW6ogXPwtLs0xv,Female,>45,Europe,>10yrs,Private,G.P.,PG training,at.Private,>10
R_3eyvrTYaeN7xxDO,Male,36-45,Asia,>10yrs,Private,Specialty,PG training,No.Information,0-2yrs
R_3f0l9QDiQbHV4EZ,Female,36-45,Asia,>10yrs,University,Specialty,PG training,No.Information,6-10yrs
R_3fAWHxEAR2naJ7M,Male,25-30,North America,0-3yrs,Private,G.P.,No PG training,at.University,0-2yrs
R_3fBHgbAkzqnuHIs,Male,36-45,Europe,>10yrs,Private,Specialty,PG training,at.University,3-5yrs
R_3fH3NlnbNNBgS17,Male,30-35,Africa,3-9yrs,University,Specialty,PG training,at.Private,3-5yrs
R_3fpEvJSZY0c4iho,Male,25-30,Asia,0-3yrs,Private,G.P.,PG training,at.CE,0-2yrs
R_3FQcWQ6YUitl8yZ,Male,30-35,Asia,3-9yrs,University,Specialty,PG training,at.University,3-5yrs
R_3FRoMJWMJ1YWK5U,Female,25-30,Asia,0-3yrs,No Information,G.P.,No PG training,No.Information,0-2yrs
R_3fvlTZBecLhQumN,Male,30-35,Asia,>10yrs,Private,G.P.,No PG training,at.Private,>10
R_3g15WOkxykhAM3n,Male,36-45,Asia,>10yrs,Private,G.P.,No PG training,at.Private,3-5yrs
R_3g4TTOHPLsQk530,Female,36-45,North America,3-9yrs,Private,G.P.,No PG training,at.Private,0-2yrs
R_3g78Vw2H3mFVvRB,Male,<25,Africa,0-3yrs,University,G.P.,No PG training,at.CE,0-2yrs
R_3g7VgEfAMzHb5WP,Male,>45,Europe,>10yrs,Private,Specialty,PG training,at.Private,3-5yrs
R_3GDhAqzbpQsrVMI,Female,30-35,Asia,3-9yrs,Public,G.P.,PG training,at.University,6-10yrs
R_3GdKgzaheetd7kz,Male,36-45,Asia,3-9yrs,Private,G.P.,No PG training,at.Private,>10
R_3Gdm22X0fhzcN5j,Female,25-30,Africa,0-3yrs,Public,G.P.,PG training,at.University,3-5yrs
R_3GxDFJ8kMbL7mYA,Female,36-45,Africa,>10yrs,University,Specialty,PG training,at.University,6-10yrs
R_3h0ASYN0Z7T1oBP,Female,30-35,Africa,>10yrs,Private,Specialty,PG training,at.Private,3-5yrs
R_3hAX5PUuXI1UtYq,Male,25-30,Asia,0-3yrs,Private,Post-Graduate Student,No PG training,at.Private,3-5yrs
R_3hcg8EtlyipZl7v,Male,36-45,Africa,3-9yrs,Public,Specialty,PG training,at.University,0-2yrs
R_3HjF3cGSBKMjMhi,Male,25-30,Asia,0-3yrs,Public,G.P.,No PG training,at.Private,0-2yrs
R_3hoNVV9FLNjdoZc,Male,<25,Asia,0-3yrs,University,G.P.,No PG training,at.University,0-2yrs
R_3HpsFEfuC3gmpV8,Male,25-30,Europe,0-3yrs,Private,G.P.,No PG training,at.Private,0-2yrs
R_3hxzY3VeiM6R0gH,Male,36-45,Europe,0-3yrs,Private,G.P.,PG training,at.Private,0-2yrs
R_3HzDDhfbUZwklqk,Male,25-30,Asia,3-9yrs,Private,G.P.,PG training,at.Private,3-5yrs
R_3hzkd4BZQXNL7Ky,Male,>45,Europe,>10yrs,Public,G.P.,PG training,at.CE,>10
R_3I3Qam9Op3j1nVW,Male,30-35,Asia,>10yrs,Private,Specialty,No PG training,Other,>10
R_3IBZpm5t1RmzPS9,Female,>45,Asia,>10yrs,University,Specialty,No PG training,at.University,>10
R_3iBZwyS26GTasBi,Male,25-30,Europe,3-9yrs,Private,G.P.,No PG training,at.Private,3-5yrs
R_3iEENlTYJMUi5sL,Male,>45,Australasia ,>10yrs,Private,G.P.,PG training,Other,0-2yrs
R_3iF5aYimcApg0TU,Male,25-30,Asia,0-3yrs,Private,G.P.,No PG training,at.Private,0-2yrs
R_3ijVz3NiI7Geu2V,Male,>45,Asia,>10yrs,Private,G.P.,No PG training,at.Private,>10
R_3iKn6ITKqWFfi3P,Male,36-45,Australasia ,>10yrs,Private,G.P.,PG training,at.Private,>10
R_3ikvXXWLBeeQjSL,Female,25-30,Asia,0-3yrs,University,Specialty,PG training,at.University,0-2yrs
R_3iR0eYcHDjxDZKg,Female,36-45,Asia,>10yrs,Private,G.P.,No PG training,at.Private,6-10yrs
R_3iR8VXAIuYKhhxc,Male,25-30,Asia,3-9yrs,Public,Specialty,PG training,at.University,3-5yrs
R_3iXbXldiWrIBix3,Female,>45,Asia,>10yrs,Private,Specialty,PG training,at.Private,6-10yrs
R_3ixN4dg8Cg0eT6c,Male,>45,North America,>10yrs,Private,G.P.,No PG training,at.CE,>10
R_3iyhs2YD1aZizBC,Male,36-45,Europe,>10yrs,Private,Specialty,PG training,at.Private,3-5yrs
R_3IYS0t1DY5pWVnk,Male,<25,Asia,0-3yrs,University,Specialty,No PG training,at.University,0-2yrs
R_3IZgRpvpmXYjrYs,Female,25-30,Asia,0-3yrs,Private,Specialty,PG training,at.University,0-2yrs
R_3j0z4RIuHjekjcJ,Male,25-30,Europe,0-3yrs,Private,G.P.,No PG training,at.Private,0-2yrs
R_3j2ssIu3cYnEOKi,Male,30-35,Asia,3-9yrs,Private,G.P.,PG training,at.Private,6-10yrs
R_3J8mL7IC63wlsnr,Female,36-45,Australasia ,3-9yrs,Private,G.P.,No PG training,Other,6-10yrs
R_3j8POID5Tge2HK0,Male,>45,Asia,>10yrs,Private,G.P.,No PG training,at.Private,>10
R_3jceqB6pBSnqRwf,Male,>45,Asia,>10yrs,Private,G.P.,No PG training,at.CE,>10
R_3JDv7V3MDMkQcOv,Male,25-30,South America,3-9yrs,Public,G.P.,No PG training,at.University,0-2yrs
R_3Jfkc344fNmn1Lx,Male,36-45,Europe,>10yrs,Private,G.P.,PG training,at.Private,>10
R_3JklS1tAHpQVmbT,Male,30-35,Australasia ,>10yrs,Private,G.P.,PG training,at.Private,3-5yrs
R_3jT1Tlai7DfUPDH,Female,30-35,Asia,3-9yrs,Public,Specialty,PG training,No.Information,0-2yrs
R_3JxxowhABzqswm0,Male,25-30,Europe,3-9yrs,Private,Specialty,PG training,at.Private,0-2yrs
R_3kAMavLMzpKiner,Male,36-45,Europe,>10yrs,Private,Specialty,PG training,Other,3-5yrs
R_3kd00dzmxvT9sYu,Female,36-45,Asia,>10yrs,Private,G.P.,No PG training,at.Private,3-5yrs
R_3KHir5f8hnxnNuw,Female,36-45,Asia,>10yrs,Public,Specialty,PG training,at.CE,3-5yrs
R_3kiivlienIk8Mr3,Male,30-35,Asia,3-9yrs,Public,Specialty,PG training,at.University,0-2yrs
R_3KJAKgaujGeqDqK,Male,<25,Africa,0-3yrs,University,G.P.,No PG training,at.University,0-2yrs
R_3KjMWRo4LFOrKff,Male,36-45,Australasia ,>10yrs,Private,G.P.,PG training,at.Private,6-10yrs
R_3kMK47kvJ8tj6JI,Male,25-30,Asia,3-9yrs,University,Specialty,PG training,at.University,3-5yrs
R_3knXNJQleYpuqMQ,Male,36-45,Asia,>10yrs,Private,G.P.,No PG training,at.Private,3-5yrs
R_3kNZQUTdUTXg1ya,Female,36-45,South America,>10yrs,Private,G.P.,PG training,at.Private,>10
R_3KOgKqlbIScz3bP,Female,25-30,Asia,0-3yrs,Public,G.P.,PG training,at.University,0-2yrs
R_3Kp61zYQyRaXrzN,Male,>45,Africa,3-9yrs,University,Post-Graduate Student,PG training,at.University,3-5yrs
R_3KvHQKwYwG1VbD0,Female,30-35,Asia,3-9yrs,University,Specialty,PG training,at.University,6-10yrs
R_3kw6mylKo3Vu78N,Male,30-35,South America,3-9yrs,Private,Specialty,PG training,at.University,0-2yrs
R_3KwS8zTZFYCqzs2,Female,25-30,Asia,0-3yrs,No Information,G.P.,No PG training,at.CE,0-2yrs
R_3L1mN9QbrggKPdC,Female,<25,Asia,0-3yrs,University,G.P.,No PG training,at.University,0-2yrs
R_3L4JcdzLXrqAxhE,Male,25-30,Asia,3-9yrs,Public,Post-Graduate Student,No PG training,at.University,3-5yrs
R_3L7sfyHeGhCtYym,Female,<25,Asia,0-3yrs,No Information,Post-Graduate Student,No PG training,at.University,0-2yrs
R_3L8ohjb3WQIeWn7,Male,36-45,Asia,>10yrs,Public,G.P.,No PG training,Other,>10
R_3Lb9pZIXnIjJqq3,Male,36-45,Asia,>10yrs,Public,Post-Graduate Student,PG training,at.Private,>10
R_3LjTFDkLmoL6WEN,Male,<25,Asia,0-3yrs,Private,G.P.,No PG training,at.CE,0-2yrs
R_3Ljzabs0mRVLX3W,Male,>45,Australasia ,>10yrs,Private,G.P.,PG training,at.University,3-5yrs
R_3lLI91G7DY7zcJO,Female,>45,Europe,>10yrs,Private,G.P.,PG training,at.Private,>10
R_3lPqSn9P4e1yNSD,Male,36-45,Asia,0-3yrs,Private,Specialty,No PG training,No.Information,0-2yrs
R_3lrmrROhNwO8NTl,Male,25-30,South America,0-3yrs,Private,G.P.,No PG training,at.University,0-2yrs
R_3lxEvAYnWggwbwK,Male,36-45,Asia,>10yrs,Private,G.P.,PG training,at.Private,3-5yrs
R_3lXjyswd01vrJFV,Male,36-45,Asia,>10yrs,Public,Post-Graduate Student,No PG training,at.Private,>10
R_3lXM0u5RsZA9EYh,Male,<25,South America,3-9yrs,University,Specialty,PG training,at.University,3-5yrs
R_3LZIJgTRqhzoICM,Male,36-45,Asia,>10yrs,Public,G.P.,PG training,at.Private,6-10yrs
R_3M37vmAUPvNP4LX,Male,30-35,North America,3-9yrs,Private,Specialty,PG training,at.University,0-2yrs
R_3M5oP6OYkB2jOjX,Female,<25,Asia,0-3yrs,University,Specialty,PG training,Other,0-2yrs
R_3M6cpAZjWKkdn7t,Male,30-35,Asia,3-9yrs,Private,G.P.,PG training,at.CE,3-5yrs
R_3maAPxCuv18t04j,Female,25-30,South America,0-3yrs,University,Post-Graduate Student,No PG training,at.University,0-2yrs
R_3MAMGaI0xmwQKEA,Male,36-45,Asia,>10yrs,Private,Specialty,PG training,at.Private,3-5yrs
R_3maVkzsBtyyR10d,Male,36-45,Europe,>10yrs,Private,G.P.,PG training,at.Private,6-10yrs
R_3maWv9w0u2FdkyC,Male,36-45,Asia,>10yrs,Public,G.P.,PG training,at.CE,6-10yrs
R_3meqVRE7rbhEE2c,Male,36-45,Europe,>10yrs,Private,Specialty,PG training,at.University,3-5yrs
R_3MgwqUoHCGZFa0d,Female,30-35,Asia,3-9yrs,Private,Specialty,PG training,at.University,0-2yrs
R_3MLmlnz803wJf6F,Male,25-30,Africa,0-3yrs,Private,G.P.,No PG training,at.Private,3-5yrs
R_3MQC83SSvh2zgyU,Male,>45,Europe,>10yrs,Private,Specialty,PG training,at.Private,6-10yrs
R_3MSWmcDxTzZLH04,Male,30-35,Asia,3-9yrs,Private,Specialty,No PG training,at.Private,6-10yrs
R_3MtdxrXDkkPwd9c,Male,36-45,Asia,>10yrs,Public,Specialty,No PG training,at.CE,3-5yrs
R_3mTvo8KMB569Sw1,Male,>45,Europe,>10yrs,Private,Specialty,PG training,at.University,>10
R_3MtwSrBFnPOBwB1,Male,36-45,Europe,>10yrs,Private,Specialty,PG training,at.Private,3-5yrs
R_3n27V6SxODdiW0V,Female,36-45,Europe,>10yrs,Private,Specialty,PG training,at.Private,3-5yrs
R_3n72We4T3x5i1Ty,Male,25-30,Asia,0-3yrs,Private,Specialty,No PG training,at.Private,0-2yrs
R_3nAbZVDCmaSXmVn,Female,>45,Asia,>10yrs,Private,G.P.,No PG training,at.Private,>10
R_3nAGZ5UiLv8D3CO,Female,25-30,Europe,3-9yrs,Private,G.P.,No PG training,at.Private,3-5yrs
R_3nde9M2GWLkczd9,Female,25-30,Asia,0-3yrs,Public,G.P.,PG training,at.University,0-2yrs
R_3nDH4H7gsAw0en9,Male,<25,Africa,0-3yrs,Public,G.P.,No PG training,at.CE,0-2yrs
R_3nHkGAGtFcqLMUE,Male,36-45,Asia,>10yrs,Public,G.P.,PG training,at.CE,>10
R_3njf8xmazDyh7aq,Male,>45,Australasia ,>10yrs,Private,G.P.,No PG training,at.Private,>10
R_3NR4ejPA20JRCMc,Female,36-45,Asia,>10yrs,University,Specialty,PG training,at.CE,>10
R_3nvnmiUOO0rP13m,Male,25-30,Europe,0-3yrs,Private,G.P.,No PG training,at.Private,0-2yrs
R_3NvQD0UWhDLVbe2,Male,30-35,Asia,3-9yrs,Private,Specialty,PG training,at.University,0-2yrs
R_3NWJ4wZbjMHmjpR,Female,30-35,Asia,>10yrs,University,Post-Graduate Student,PG training,at.University,>10
R_3NxJuCNO8JYVyob,Female,<25,Europe,0-3yrs,University,G.P.,No PG training,at.University,0-2yrs
R_3O8oS603UyX8upr,Male,>45,Australasia ,>10yrs,Private,G.P.,PG training,at.Private,>10
R_3oAQZka53V3IZvU,Male,30-35,Europe,3-9yrs,Private,Specialty,PG training,at.University,0-2yrs
R_3oLQaQk2H6JuHip,Male,25-30,Asia,3-9yrs,University,Specialty,PG training,at.University,0-2yrs
R_3oLYPUQtOYb8ux6,Male,30-35,Africa,>10yrs,Private,G.P.,PG training,at.CE,0-2yrs
R_3oN6WpsCWW7EOu9,Male,30-35,Africa,3-9yrs,University,Post-Graduate Student,No PG training,at.University,6-10yrs
R_3OpOJLUidetsc6D,Male,30-35,Asia,3-9yrs,Private,Specialty,PG training,at.CE,3-5yrs
R_3OrbDgdmo3N2gkw,Female,30-35,Asia,3-9yrs,Private,G.P.,PG training,at.Private,3-5yrs
R_3oyWXaNbkiIGcwe,Male,36-45,Europe,3-9yrs,Private,Specialty,PG training,at.Private,0-2yrs
R_3p2WVbNDZNej2eF,Male,>45,Asia,>10yrs,Private,G.P.,No PG training,at.Private,>10
R_3p4EtJGf0FVq8cY,Male,36-45,Asia,>10yrs,Private,G.P.,PG training,at.Private,6-10yrs
R_3p8QUzKvB56pWPI,Female,36-45,Europe,>10yrs,Private,Post-Graduate Student,PG training,at.University,3-5yrs
R_3PaDiMztzkgCOV0,Female,25-30,Asia,0-3yrs,Public,G.P.,No PG training,at.CE,0-2yrs
R_3paIPDME9P8i8EY,Female,25-30,Europe,0-3yrs,Private,G.P.,No PG training,at.Private,0-2yrs
R_3phdfFffpp7pZX7,Male,<25,Europe,0-3yrs,Private,G.P.,No PG training,at.Private,0-2yrs
R_3PhvukwDEDEI1vK,Male,>45,Asia,3-9yrs,Public,Specialty,PG training,at.Private,>10
R_3PLbcQHMAZli2Gg,Male,36-45,Europe,3-9yrs,Private,G.P.,No PG training,at.Private,3-5yrs
R_3PNoJujBCVuipwR,Male,25-30,Europe,0-3yrs,Public,Specialty,PG training,at.University,0-2yrs
R_3Pntp1t2KDigRSa,Female,36-45,Europe,3-9yrs,Private,G.P.,PG training,at.Private,3-5yrs
R_3po0yHLPtzoM0kM,Male,36-45,South America,>10yrs,Private,Specialty,PG training,at.CE,3-5yrs
R_3prKaGPhhBrEYr7,Male,36-45,Australasia ,>10yrs,Private,G.P.,No PG training,at.Private,6-10yrs
R_3PuBwMWvGAIQRFz,Male,36-45,South America,>10yrs,University,Specialty,PG training,at.University,6-10yrs
R_3PvhQIIU87woY6M,Male,30-35,Europe,3-9yrs,Private,G.P.,PG training,at.Private,3-5yrs
R_3PXMv9HkwNIqw3E,Female,25-30,Asia,0-3yrs,Public,G.P.,No PG training,at.University,3-5yrs
R_3q7mxiVkRfzMCKE,Female,36-45,North America,>10yrs,Private,G.P.,PG training,No.Information,3-5yrs
R_3qa276HUe2R3uGv,Male,25-30,Africa,3-9yrs,University,Post-Graduate Student,No PG training,No.Information,3-5yrs
R_3qap4Hn9i4IYSzS,Female,36-45,Asia,3-9yrs,University,Specialty,PG training,at.CE,0-2yrs
R_3qBzxqzCv7MvAjF,Female,25-30,No Information,3-9yrs,Private,Specialty,PG training,at.University,0-2yrs
R_3QDVmsSPKJBIVpO,Male,<25,Asia,3-9yrs,Private,G.P.,PG training,at.Private,0-2yrs
R_3qepWv9JPX6ieho,Male,25-30,Europe,3-9yrs,Private,G.P.,No PG training,No.Information,3-5yrs
R_3qK9Co3c4PAZ1uo,Male,>45,Europe,>10yrs,Private,Specialty,PG training,at.Private,6-10yrs
R_3qKWP6bLbXCDrTX,Male,>45,Europe,>10yrs,Private,Specialty,PG training,at.University,>10
R_3qldP042aGH5Dza,Female,25-30,North America,0-3yrs,University,G.P.,No PG training,No.Information,0-2yrs
R_3QLypSkNZKNx6bm,Female,36-45,North America,0-3yrs,Private,G.P.,No PG training,at.University,0-2yrs
R_3qPUMJrAsVlzpqE,Male,25-30,Asia,3-9yrs,Private,G.P.,No PG training,at.Private,3-5yrs
R_3qsvXP1CEM3OFO0,Male,36-45,Asia,>10yrs,Private,G.P.,PG training,at.University,6-10yrs
R_3qTFv2DOINWCnsS,Female,<25,Europe,>10yrs,Private,Specialty,No PG training,at.University,3-5yrs
R_3QVhHsO3fAQHGZJ,Female,36-45,Asia,>10yrs,No Information,G.P.,No PG training,at.Private,>10
R_3QVOKcoaYvX058J,Male,36-45,Africa,>10yrs,Private,G.P.,No PG training,at.Private,6-10yrs
R_3QWMMIRZtlysIJb,Female,<25,Asia,0-3yrs,Public,Post-Graduate Student,No PG training,at.Private,0-2yrs
R_3qwVXhw0FxyqmoD,Male,<25,Africa,0-3yrs,Public,G.P.,No PG training,No.Information,0-2yrs
R_3Rdu0idfCzEJc34,Male,>45,Asia,>10yrs,Private,G.P.,PG training,at.University,>10
R_3Re0ttvxAULmpCc,Male,36-45,Africa,3-9yrs,Public,Specialty,PG training,at.University,0-2yrs
R_3Re9Z7lKMTlniHj,Female,>45,Asia,>10yrs,Private,Specialty,PG training,at.Private,>10
R_3Rej0rf1iu6tVa5,Female,30-35,Asia,0-3yrs,Public,G.P.,PG training,at.University,3-5yrs
R_3rFZG8XDSxjguFY,Male,25-30,Asia,3-9yrs,Public,G.P.,PG training,at.Private,0-2yrs
R_3rG0KMSLKYJVXu3,Male,36-45,Asia,>10yrs,University,Specialty,PG training,at.University,>10
R_3rGjZ2jbyIr3P1g,Male,25-30,Asia,3-9yrs,Private,Specialty,PG training,at.CE,0-2yrs
R_3rGkY2RyxREMgVp,Female,30-35,Asia,3-9yrs,University,G.P.,PG training,at.Private,6-10yrs
R_3rJrnv6r2eeTQH4,Female,25-30,Africa,3-9yrs,University,G.P.,PG training,No.Information,0-2yrs
R_3rNGVJK1uH0XxWo,Male,30-35,Asia,>10yrs,Private,G.P.,PG training,at.CE,0-2yrs
R_3Rq5TVoC5B96iMp,Male,36-45,Europe,>10yrs,Private,G.P.,PG training,at.Private,6-10yrs
R_3Rsc8q5zwsxD4o7,Male,25-30,Asia,0-3yrs,Public,G.P.,No PG training,at.University,3-5yrs
R_3rYgjJN4IhwVfpL,Male,36-45,Europe,>10yrs,Private,G.P.,PG training,at.Private,6-10yrs
R_3rZ2xe4zXQKp78t,Female,36-45,Asia,>10yrs,Private,Specialty,PG training,at.University,6-10yrs
R_3sahrTDLNKTYNfA,Male,25-30,Asia,0-3yrs,University,G.P.,PG training,at.University,3-5yrs
R_3smEgTmhwZ6d2JX,Male,>45,North America,>10yrs,Private,Specialty,PG training,Other,3-5yrs
R_3sncfUPWEWTQdd6,Male,25-30,Asia,3-9yrs,Private,Specialty,PG training,at.University,0-2yrs
R_3st44NLzQM8QQeT,Male,36-45,Asia,>10yrs,Private,G.P.,No PG training,at.Private,6-10yrs
R_3sv4vQtEfR7jFNY,Male,25-30,Asia,0-3yrs,Private,G.P.,No PG training,at.CE,0-2yrs
R_3svvFDNwhni1d3v,Male,25-30,Europe,3-9yrs,Private,G.P.,PG training,at.Private,0-2yrs
R_3xsYbA8CfJsXoS9,Male,36-45,Asia,>10yrs,Public,Specialty,PG training,at.University,6-10yrs
R_3yKF9yb0vZgjfmV,Male,25-30,Australasia ,3-9yrs,Private,G.P.,No PG training,No.Information,6-10yrs
R_4O2CllIheWz64XT,Male,25-30,Europe,0-3yrs,Private,G.P.,PG training,at.CE,0-2yrs
R_4OcXWYbGma0430B,Male,36-45,Europe,>10yrs,Private,Specialty,PG training,at.University,3-5yrs
R_4PDSW03p4g1yvOV,Female,36-45,Asia,>10yrs,University,Specialty,PG training,at.University,>10
R_4VH3SZwBk45drZT,Male,36-45,Asia,>10yrs,Private,Specialty,PG training,at.University,>10
R_5apMaBO13b0B06B,Male,30-35,Asia,>10yrs,Private,G.P.,No PG training,at.Private,3-5yrs
R_5d40YRiCXRZnr6V,Female,36-45,Asia,3-9yrs,Private,G.P.,No PG training,at.Private,6-10yrs
R_5haMDUixBlePxzL,Female,<25,Asia,0-3yrs,No Information,Post-Graduate Student,No PG training,at.CE,0-2yrs
R_5o2xuuN2FTP8bxb,Male,25-30,Asia,0-3yrs,Private,Specialty,No PG training,at.Private,0-2yrs
R_5p7S2uby5N3AnAd,Male,36-45,Asia,0-3yrs,Private,G.P.,No PG training,at.Private,0-2yrs
R_5w4tnAw9qwhTZpH,Male,30-35,Asia,3-9yrs,University,Specialty,PG training,at.University,0-2yrs
R_5yEjt0ajxRZMwKZ,Female,30-35,Africa,>10yrs,University,Specialty,PG training,at.CE,6-10yrs
R_6ETOBsU3IVsyaNX,Male,36-45,Europe,>10yrs,Private,G.P.,PG training,at.Private,3-5yrs
R_6G2ZjDTr22H2rHr,Female,30-35,Asia,3-9yrs,Private,Post-Graduate Student,No PG training,No.Information,6-10yrs
R_6m6mUlHmxJRfYZz,Male,36-45,Asia,>10yrs,University,Specialty,PG training,at.University,>10
R_6mcmVXMXhgdhbtn,Female,25-30,Asia,0-3yrs,University,G.P.,No PG training,No.Information,0-2yrs
R_6nZ3NLgd2uhE8OF,Male,25-30,Europe,3-9yrs,Private,G.P.,PG training,at.Private,3-5yrs
R_6sOd9vEGdNvzDnH,Male,36-45,Europe,>10yrs,Private,G.P.,PG training,at.Private,6-10yrs
R_6VBYUF2As5IyjJf,Male,30-35,Europe,>10yrs,Public,G.P.,PG training,at.CE,6-10yrs
R_71BuqSuOujOssjr,Male,30-35,Asia,>10yrs,Public,G.P.,No PG training,at.CE,6-10yrs
R_71V4goCekujeosF,Female,25-30,Asia,0-3yrs,Private,Specialty,No PG training,at.Private,0-2yrs
R_74IM7MfRqK41Fhn,Male,36-45,Australasia ,>10yrs,Private,G.P.,PG training,at.Private,6-10yrs
R_797dsMHHV0orAXf,Male,>45,Africa,>10yrs,Private,Specialty,PG training,at.Private,0-2yrs
R_7O3kBWM6Wvj8jqF,Male,36-45,Asia,>10yrs,University,Post-Graduate Student,PG training,at.University,>10
R_7Qxh7CCYPZgU5R7,Female,30-35,Africa,3-9yrs,Private,G.P.,No PG training,No.Information,6-10yrs
R_7Tyrsv4hWbNSIjX,Female,36-45,Europe,>10yrs,Public,G.P.,PG training,at.Private,6-10yrs
R_7VQha1iH7yOQsyB,Male,30-35,Asia,0-3yrs,Private,Specialty,PG training,at.University,0-2yrs
R_81aS34pEp6HLVnz,Male,25-30,Asia,3-9yrs,Public,Post-Graduate Student,No PG training,at.University,3-5yrs
R_81em1wldTXtou3L,Male,36-45,Asia,>10yrs,Private,G.P.,No PG training,at.University,3-5yrs
R_81im9iAXw4mpMVH,Male,36-45,Africa,>10yrs,Public,G.P.,No PG training,Other,3-5yrs
R_8AeuAIa69riRjb3,Male,30-35,Asia,3-9yrs,Private,G.P.,No PG training,at.Private,6-10yrs
R_8cd0T6toPL2Pb3T,Female,25-30,Asia,0-3yrs,University,Post-Graduate Student,No PG training,at.University,0-2yrs
R_8cdYyOWVhjgFJ29,Male,36-45,Asia,>10yrs,Private,G.P.,PG training,at.Private,>10
R_8dE1FubZP4wQLa9,Male,>45,Asia,>10yrs,Private,G.P.,No PG training,at.Private,>10
R_8dYz0w3JgYnJhhr,Male,>45,North America,>10yrs,Private,G.P.,No PG training,at.Private,>10
R_8fcj6YXlUBujQGJ,Male,<25,Africa,0-3yrs,University,G.P.,No PG training,at.University,0-2yrs
R_8J7aIv7L029g1wZ,Female,36-45,Asia,>10yrs,Private,Specialty,PG training,No.Information,0-2yrs
R_8pPhpKkm0iR0UYd,Female,25-30,Asia,3-9yrs,Public,Specialty,PG training,at.CE,3-5yrs
R_8wtMg1K14Sad3yh,Male,30-35,Asia,3-9yrs,University,Specialty,PG training,at.University,0-2yrs
R_9ERlN09VYyoI2J3,Female,30-35,Asia,3-9yrs,Private,G.P.,No PG training,at.Private,6-10yrs
R_9GFVar7eGU5WKeR,Male,30-35,Asia,3-9yrs,Private,Specialty,PG training,at.Private,3-5yrs
R_9RJ3pQHfQ2zSDF7,Male,30-35,Africa,>10yrs,University,Specialty,PG training,at.University,6-10yrs
R_9t62xkTE6INoxrD,Male,36-45,Europe,>10yrs,Private,G.P.,No PG training,at.Private,6-10yrs
R_9vt2UVXwXR3aQzX,Male,25-30,Asia,0-3yrs,Public,G.P.,No PG training,No.Information,3-5yrs
R_9Y5aHoQc40BSCcN,Female,25-30,Europe,0-3yrs,University,Post-Graduate Student,PG training,at.University,0-2yrs
R_9YK9FV3g7x90BA9,Male,25-30,Asia,0-3yrs,Private,G.P.,No PG training,No.Information,0-2yrs
R_9ZiTeGwzErMKMZr,Male,36-45,Asia,3-9yrs,Private,G.P.,PG training,at.University,6-10yrs
R_9zuSxPuHpWbuRSF,Female,36-45,Europe,>10yrs,Private,G.P.,PG training,at.Private,3-5yrs
R_a3Pyx7KEnTtzS3D,Female,30-35,Asia,3-9yrs,University,Specialty,PG training,at.University,6-10yrs
R_A55WezcJqS3vpTz,Male,36-45,Asia,>10yrs,Public,Specialty,PG training,at.University,6-10yrs
R_A7ip1VIapzmYSJP,Male,25-30,Asia,3-9yrs,Private,Specialty,PG training,at.Private,3-5yrs
R_AAn6ShMvsHHPDLr,Male,>45,Europe,>10yrs,Private,G.P.,PG training,at.Private,0-2yrs
R_AcfkljFkIR8iDe1,Female,36-45,Asia,>10yrs,University,Specialty,PG training,at.University,6-10yrs
R_AFf0KfROFOu3Tfb,Male,25-30,Asia,3-9yrs,Private,Specialty,PG training,at.University,0-2yrs
R_AFgVOpklNSjpvCV,Female,36-45,Europe,>10yrs,Private,G.P.,PG training,at.University,6-10yrs
R_agBwiL6fPtM6R8t,Male,25-30,Europe,3-9yrs,Private,Specialty,No PG training,No.Information,0-2yrs
R_agfYcYre8cHGRHP,Male,36-45,Asia,3-9yrs,Private,Specialty,PG training,at.Private,3-5yrs
R_AhPm2v3IWrAiUDL,Male,36-45,Europe,>10yrs,Private,G.P.,No PG training,at.Private,6-10yrs
R_AHRJw9SeFyTEqQx,Male,25-30,Europe,3-9yrs,Private,G.P.,PG training,at.Private,0-2yrs
R_AnD7ptQGBp9nGUx,Male,25-30,Asia,0-3yrs,Private,Specialty,PG training,at.Private,0-2yrs
R_aXHdA1qhzEZVAjj,Male,30-35,Asia,3-9yrs,Public,G.P.,PG training,at.CE,>10
R_AzmxirqYUFfleNj,Male,30-35,Asia,3-9yrs,Private,Specialty,PG training,at.Private,3-5yrs
R_b70b8dHHvwXvF73,Male,36-45,Asia,>10yrs,University,Specialty,PG training,at.Private,3-5yrs
R_b9R3sHwymwXqcw1,Male,25-30,Asia,3-9yrs,Public,G.P.,No PG training,Other,3-5yrs
R_BD2cXz7erp8CQY9,Male,30-35,Asia,3-9yrs,Public,G.P.,PG training,at.Private,6-10yrs
R_bdbqEM6q6EItBCN,Male,30-35,Europe,3-9yrs,Private,Specialty,PG training,at.University,3-5yrs
R_bdsTXfM8HkFn14Z,Male,25-30,South America,0-3yrs,Private,G.P.,No PG training,at.University,0-2yrs
R_BFdkjwSSvOvUba9,Male,<25,Africa,0-3yrs,Private,G.P.,No PG training,at.University,0-2yrs
R_BFzzHQ1FSdqGrtL,Male,36-45,Europe,>10yrs,Private,Specialty,PG training,at.Private,6-10yrs
R_BGoeP4LPotpe7Op,Male,36-45,Asia,>10yrs,Private,G.P.,PG training,at.Private,6-10yrs
R_BJSUdWosi3aN0NX,Male,>45,Asia,>10yrs,Private,G.P.,No PG training,at.Private,>10
R_bKlXIhObl3Hg1Mt,Male,30-35,Asia,3-9yrs,University,Specialty,PG training,at.University,0-2yrs
R_BKSmcSSmkAdgxcl,Male,<25,Asia,0-3yrs,Private,Specialty,PG training,at.Private,3-5yrs
R_BM9I3oUOR1eyDQJ,Female,25-30,Asia,3-9yrs,Public,Specialty,PG training,No.Information,6-10yrs
R_bNpHCxKnN2giokF,Male,25-30,Africa,3-9yrs,Private,G.P.,No PG training,at.University,0-2yrs
R_bpfsw8qM6a3U4eJ,Female,36-45,Asia,>10yrs,Public,Post-Graduate Student,PG training,at.Private,>10
R_BtVIjdC4c4ZlrKp,Male,36-45,Europe,3-9yrs,Private,G.P.,No PG training,at.Private,3-5yrs
R_BzGQGdIMmsXVx7P,Male,30-35,Africa,3-9yrs,Public,G.P.,No PG training,at.Private,3-5yrs
R_C1S8BISVLBiNFPr,Male,>45,Asia,>10yrs,Private,G.P.,PG training,at.Private,>10
R_C7f595p9T3imOtP,Male,30-35,South America,>10yrs,Private,Specialty,PG training,at.University,0-2yrs
R_C96w1igcC9XuVlT,Male,30-35,Asia,>10yrs,Private,G.P.,PG training,at.Private,3-5yrs
R_cCunGuYRKsF081n,Female,36-45,Asia,>10yrs,Public,Post-Graduate Student,No PG training,at.University,6-10yrs
R_cG5DRloXAUljhfP,Female,30-35,North America,3-9yrs,Private,Specialty,No PG training,at.University,0-2yrs
R_cHC9PwURdPXUrrb,Male,30-35,Europe,3-9yrs,Private,G.P.,No PG training,at.Private,3-5yrs
R_Cl5OZNf2ENpJoJ3,Male,25-30,Asia,3-9yrs,Private,G.P.,No PG training,at.Private,3-5yrs
R_cMHCj8cGC6dw1UJ,Male,25-30,Asia,0-3yrs,University,Post-Graduate Student,No PG training,at.University,0-2yrs
R_cSZ9T1LfkbGO5RT,Male,25-30,Asia,3-9yrs,Private,Post-Graduate Student,No PG training,at.Private,3-5yrs
R_cumsasLuaPt85eF,Male,<25,Europe,3-9yrs,Public,Specialty,PG training,at.University,6-10yrs
R_cwobnwDVFMEEYut,Female,36-45,Asia,>10yrs,Public,Post-Graduate Student,PG training,Other,6-10yrs
R_CZvvmhO8ThXkhP3,Female,30-35,Asia,>10yrs,Private,G.P.,No PG training,at.CE,>10
R_d0DRoWjLXjZ5UZz,Male,25-30,Africa,3-9yrs,Private,Post-Graduate Student,PG training,at.University,0-2yrs
R_d7s7FqVDpSLhEWZ,Male,36-45,South America,>10yrs,Private,Specialty,PG training,at.University,3-5yrs
R_D8fsH3Afh5PI01z,Male,36-45,Asia,>10yrs,Private,G.P.,No PG training,at.Private,6-10yrs
R_DCN9MagoDHEopZ7,Female,25-30,Asia,3-9yrs,University,Specialty,PG training,at.University,0-2yrs
R_DeOy5NFSwz8r3Jn,Male,30-35,Africa,>10yrs,Private,Post-Graduate Student,PG training,at.CE,0-2yrs
R_dh7DGVkewsqgrLn,Male,25-30,Asia,3-9yrs,University,Specialty,PG training,at.Private,0-2yrs
R_DjhjIGJ4Bkk9DZT,Male,25-30,Europe,3-9yrs,Private,G.P.,No PG training,at.Private,3-5yrs
R_Dk7TElvicEW2KFr,Male,36-45,Asia,>10yrs,University,G.P.,PG training,at.University,>10
R_dma0Ji6f2PnHIop,Female,30-35,Asia,>10yrs,Public,Specialty,PG training,at.University,>10
R_dp4U5cTtyPFFZrv,Male,30-35,Asia,3-9yrs,Public,Specialty,No PG training,at.CE,6-10yrs
R_dpeWcDpXB6fk1sR,Female,25-30,Asia,0-3yrs,University,Specialty,PG training,at.University,0-2yrs
R_Dq076cNQ1QUPMg9,Female,30-35,North America,3-9yrs,Private,G.P.,PG training,at.Private,>10
R_DSmiPNTE5u6i385,Male,36-45,Asia,>10yrs,Private,G.P.,No PG training,at.Private,3-5yrs
R_DtKOrkDdIf9fKoh,Male,25-30,Asia,0-3yrs,Public,Specialty,PG training,at.University,0-2yrs
R_DVkG1YPB50CEmtj,Female,25-30,Asia,3-9yrs,Private,G.P.,PG training,at.Private,3-5yrs
R_DxfRkHvmha3Bzbj,Female,30-35,Asia,>10yrs,Private,G.P.,No PG training,at.University,>10
R_e2Iu39NIfHQX3ff,Male,>45,No information,0-3yrs,University,Post-Graduate Student,No PG training,Other,0-2yrs
R_e5lWLCiuvH4Zbnf,Male,>45,Asia,>10yrs,Private,Specialty,PG training,at.Private,3-5yrs
R_e5rxqahoQwuKmDn,Female,25-30,Asia,3-9yrs,Public,G.P.,PG training,at.CE,3-5yrs
R_efkJGGPnSUZMk3H,Female,36-45,Asia,>10yrs,Public,G.P.,No PG training,at.University,>10
R_egnY6jwttLhvAw9,Male,36-45,Asia,>10yrs,Private,G.P.,PG training,at.Private,>10
R_ehehV9in6Mfpn49,Female,<25,Asia,>10yrs,Private,G.P.,PG training,at.University,3-5yrs
R_el0Fpuo3UvmYKUt,Male,25-30,Africa,0-3yrs,Private,Post-Graduate Student,No PG training,No.Information,0-2yrs
R_es2ZethDUVbqV8Z,Male,25-30,Asia,3-9yrs,Public,G.P.,No PG training,at.University,3-5yrs
R_eSeYMaKq8aZRN7D,Male,25-30,Asia,0-3yrs,Private,G.P.,No PG training,No.Information,3-5yrs
R_NWGzX3zHOLkKi8F,Female,25-30,Asia,3-9yrs,University,G.P.,PG training,at.University,3-5yrs
R_NXsVRBFT6emsUff,Female,25-30,Africa,0-3yrs,Public,G.P.,No PG training,No.Information,0-2yrs
R_O1kl4qvYyYOoRO1,Male,>45,Europe,>10yrs,Private,G.P.,No PG training,at.University,>10
R_OBiXP1jTPzOIuhr,Male,30-35,Europe,0-3yrs,Private,G.P.,No PG training,at.Private,0-2yrs
R_OcInS92BMk3gbip,Female,25-30,Asia,0-3yrs,Public,G.P.,PG training,at.University,0-2yrs
R_OcYzhaJsQRPfKuZ,Male,30-35,Asia,3-9yrs,University,G.P.,PG training,at.University,3-5yrs
R_ODmOgXS1v9uxGff,Female,36-45,Asia,>10yrs,Private,G.P.,No PG training,at.Private,6-10yrs
R_OdNq0J7cTYgCJmV,Female,25-30,Asia,3-9yrs,Public,Post-Graduate Student,No PG training,at.Private,3-5yrs
R_OfYdFfF1jnrTKGl,Male,25-30,Europe,0-3yrs,Private,G.P.,No PG training,at.Private,0-2yrs
R_OOkWoQqXhyuxriN,Female,36-45,Asia,0-3yrs,Public,Specialty,No PG training,No.Information,0-2yrs
R_oY8acDadNrw2c3n,Male,36-45,Asia,>10yrs,Private,G.P.,PG training,at.Private,6-10yrs
R_p6Phd3A6PqBGaaZ,Female,30-35,Asia,3-9yrs,University,Specialty,PG training,at.University,6-10yrs
R_PAskTWRT6JhQktH,Male,36-45,Australasia ,>10yrs,Private,G.P.,PG training,at.Private,6-10yrs
R_PB7CNNLy1wcOX3X,Female,36-45,Asia,3-9yrs,Public,Specialty,PG training,at.University,0-2yrs
R_PBv7rDPgAhag8xP,Female,25-30,Asia,3-9yrs,Public,Specialty,PG training,at.CE,6-10yrs
R_pcxufZkr8WPOpkR,Male,30-35,Asia,>10yrs,Private,G.P.,PG training,at.University,>10
R_PCyBumAGF9l4oHT,Male,>45,Asia,>10yrs,Private,G.P.,PG training,at.Private,6-10yrs
R_PG5aE9OzalBgyU9,Male,>45,Africa,>10yrs,Private,Specialty,PG training,at.University,>10
R_PGwazSx9FoyBs0F,Male,25-30,North America,3-9yrs,Private,G.P.,PG training,at.University,0-2yrs
R_ph3VWOEudCMLVqp,Male,<25,Asia,0-3yrs,University,Specialty,No PG training,Other,0-2yrs
R_pi9suW1CLqp90v7,Male,<25,Asia,0-3yrs,Private,Specialty,No PG training,at.Private,0-2yrs
R_pJyFEJckEirLe4F,Male,36-45,Asia,>10yrs,Private,Specialty,No PG training,at.Private,3-5yrs
R_pKpUGDpBaB43xWV,Female,>45,Europe,>10yrs,Private,Specialty,PG training,at.Private,>10
R_pMFY4hyoDCzVOlb,Female,30-35,South America,3-9yrs,Private,Specialty,PG training,at.Private,0-2yrs
R_PMM7zWgFhRCNuk9,Male,36-45,Asia,>10yrs,University,Specialty,PG training,at.University,6-10yrs
R_pmxN5nVUsavC4fv,Male,>45,Europe,>10yrs,Private,Specialty,PG training,at.Private,3-5yrs
R_PN9thf0iwmVK5sl,Female,>45,Asia,>10yrs,University,Specialty,PG training,at.University,>10
R_pS3RV086kgOWZ4l,Female,25-30,Asia,3-9yrs,Public,G.P.,No PG training,at.Private,3-5yrs
R_puaMrH469oZCnNT,Male,36-45,Asia,0-3yrs,Private,Specialty,PG training,at.Private,0-2yrs
R_pubD8bIh1qteE7v,Male,25-30,Asia,3-9yrs,Private,Specialty,PG training,at.Private,0-2yrs
R_PUoRl4jgEk2cEil,Male,25-30,Asia,3-9yrs,Private,Specialty,PG training,at.University,0-2yrs
R_PXQIPGXyeJ7jWMh,Male,25-30,Asia,3-9yrs,Private,G.P.,PG training,at.University,3-5yrs
R_PXTsE7cKGjbP3JD,Male,36-45,Europe,>10yrs,Private,Specialty,PG training,at.University,0-2yrs
R_QbJhnVbxXqfeJ8J,Male,25-30,Asia,3-9yrs,Private,G.P.,No PG training,at.Private,3-5yrs
R_qJXArL4uIXTNCSt,Female,25-30,South America,0-3yrs,Private,G.P.,No PG training,at.Private,0-2yrs
R_qKJFkH01FKjB6BX,Male,36-45,Asia,>10yrs,Public,G.P.,PG training,at.Private,>10
R_Qm0zPcMJGShhRYJ,Male,25-30,South America,0-3yrs,Private,G.P.,No PG training,at.University,6-10yrs
R_Qm38bRlCrhmnyuZ,Male,25-30,Asia,0-3yrs,University,G.P.,PG training,at.University,0-2yrs
R_Qmi7jl4pCmNRPR7,Male,36-45,Europe,>10yrs,Private,G.P.,No PG training,at.Private,6-10yrs
R_QnNeWhGqx3hapdD,Male,25-30,Asia,0-3yrs,Public,G.P.,No PG training,at.University,0-2yrs
R_Qp0brh5tp0zSJTb,Male,25-30,Asia,3-9yrs,Private,G.P.,No PG training,at.Private,3-5yrs
R_qPCNE7M4V7CmRuF,Male,30-35,Asia,3-9yrs,Private,Specialty,PG training,No.Information,0-2yrs
R_qw66Z6iYu9GoXcZ,Male,30-35,South America,3-9yrs,Private,Post-Graduate Student,PG training,at.University,3-5yrs
R_qwkqEjoySgxsGwV,Male,25-30,Asia,3-9yrs,University,Specialty,PG training,at.University,6-10yrs
R_qxrGLGPxDBh5xOF,Male,>45,South America,>10yrs,Private,Specialty,PG training,at.CE,3-5yrs
R_r2ABLNdBdvqNQLD,Male,36-45,Europe,>10yrs,Public,Specialty,PG training,at.Private,0-2yrs
R_R8nmWjnv7IRv2Ol,Female,<25,Asia,0-3yrs,University,Specialty,No PG training,No.Information,3-5yrs
R_r8vEWszsCAOVStr,Male,30-35,Asia,3-9yrs,Private,G.P.,PG training,at.Private,6-10yrs
R_RCgcaE4HwWKhguR,Male,30-35,Europe,3-9yrs,Private,G.P.,PG training,at.Private,6-10yrs
R_RD1c9wfMtdxMFmF,Female,30-35,Asia,>10yrs,University,Specialty,PG training,at.University,6-10yrs
R_REa7bheVhAxZ4EF,Male,25-30,Asia,3-9yrs,Private,Specialty,PG training,at.University,3-5yrs
R_RI7FlaCI3vv5ZId,Male,>45,Europe,>10yrs,Private,G.P.,PG training,at.Private,0-2yrs
R_rjyGd2VGFsLLbwJ,Male,30-35,Australasia ,3-9yrs,Private,G.P.,No PG training,at.CE,3-5yrs
R_rouG00RW99V5XIR,Male,25-30,Asia,3-9yrs,Public,G.P.,PG training,at.CE,3-5yrs
R_rp6h95eJLdTj8jv,Male,>45,Asia,>10yrs,Private,G.P.,PG training,at.Private,6-10yrs
R_RRJlQhR3uBHdzBD,Male,>45,North America,>10yrs,Private,G.P.,PG training,at.Private,>10
R_RttQpUeihi3k9HP,Male,>45,Asia,>10yrs,Private,Post-Graduate Student,No PG training,at.Private,>10
R_RV6TLnWnWsYy9B7,Male,25-30,Africa,3-9yrs,Public,G.P.,No PG training,at.CE,6-10yrs
R_sCreMH0yVcYHrjz,Male,30-35,Europe,3-9yrs,Private,Specialty,PG training,at.Private,0-2yrs
R_sFQlbX3oIOs7EuB,Male,25-30,Asia,3-9yrs,Private,Specialty,PG training,at.University,0-2yrs
R_SHHiJKykm6JHIyJ,Male,30-35,Europe,3-9yrs,University,Post-Graduate Student,No PG training,at.University,6-10yrs
R_smMCmVhDVDHzBu1,Male,>45,Europe,>10yrs,Private,G.P.,No PG training,at.Private,>10
R_sn748ouhaIWtvDH,Female,25-30,Europe,3-9yrs,Private,G.P.,PG training,at.Private,0-2yrs
R_so2CsOj5dFESnTP,Male,36-45,North America,>10yrs,Private,G.P.,No PG training,at.Private,6-10yrs
R_svzrTDW1hIoGFhv,Female,<25,Asia,0-3yrs,University,G.P.,No PG training,at.University,0-2yrs
R_sXPORjFRlNSQMG5,Female,<25,Asia,0-3yrs,Private,G.P.,No PG training,at.University,0-2yrs
R_T0cfUhJ1Mr3mfqF,Male,30-35,Asia,3-9yrs,Public,Specialty,PG training,at.University,3-5yrs
R_T13ohAhvGfL6CEF,Male,>45,Europe,>10yrs,Private,Specialty,PG training,at.Private,6-10yrs
R_TdWFUZVXYGkYvWF,Female,36-45,Asia,>10yrs,Private,Specialty,PG training,at.University,0-2yrs
R_Tim1iHdeZPNhgnn,Male,30-35,Europe,3-9yrs,Private,G.P.,No PG training,at.Private,6-10yrs
R_TovSGmSJ9hminXX,Female,<25,Africa,0-3yrs,University,G.P.,PG training,at.University,0-2yrs
R_TpDd92RWeuccyjf,Male,25-30,Asia,3-9yrs,Private,G.P.,No PG training,at.Private,0-2yrs
R_tPZrbbvFQOYoN5n,Female,25-30,Asia,0-3yrs,University,Specialty,PG training,at.University,0-2yrs
R_Tq4uxtdRz6xsSs1,Male,>45,Asia,>10yrs,Public,G.P.,PG training,at.CE,>10
R_tSQDmocFtYv3sAh,Female,25-30,Asia,0-3yrs,Private,G.P.,PG training,No.Information,3-5yrs
R_TsXkwODb9EeUHMB,Female,25-30,Europe,3-9yrs,Private,Specialty,PG training,at.Private,3-5yrs
R_Tt09dJt6dkjU48x,Female,<25,Asia,0-3yrs,Private,G.P.,No PG training,at.Private,0-2yrs
R_TvjIepdS2jscI8N,Male,25-30,North America,3-9yrs,Private,G.P.,PG training,Other,>10
R_tYBixMujEZ4InSx,Male,30-35,Africa,>10yrs,Private,G.P.,No PG training,No.Information,>10
R_u1ZeZquMJHH92RH,Male,25-30,Asia,0-3yrs,Private,G.P.,No PG training,No.Information,0-2yrs
R_u3vVj9rcyF31hHr,Male,36-45,Australasia ,>10yrs,Private,G.P.,PG training,at.University,>10
R_u5671n9CK1vs2EF,Male,>45,South America,>10yrs,Public,Specialty,PG training,at.University,6-10yrs
R_uadK9VP2Gad19K1,Female,25-30,Europe,3-9yrs,Private,Specialty,PG training,at.Private,0-2yrs
R_UcESROTizhcHyQF,Male,>45,Europe,>10yrs,Private,Specialty,PG training,at.Private,3-5yrs
R_ueuAfCaQE2PqB6F,Male,25-30,Asia,3-9yrs,Private,Specialty,PG training,at.University,0-2yrs
R_ukAozErZwti9C49,Female,>45,Australasia ,>10yrs,Private,G.P.,PG training,at.Private,6-10yrs
R_urVMwx9JhmrnN2p,Female,36-45,Asia,>10yrs,Private,Specialty,PG training,at.Private,3-5yrs
R_UsFo4v2gXYNSBWh,Male,>45,Asia,>10yrs,Public,G.P.,No PG training,Other,>10
R_USV8ieWZV3gtPRT,Female,36-45,Europe,>10yrs,Private,G.P.,PG training,at.CE,6-10yrs
R_UyeMilJXrbFr0YN,Male,25-30,Asia,0-3yrs,Private,G.P.,PG training,at.Private,3-5yrs
R_uyrXHObj6VR3TP3,Male,25-30,Asia,0-3yrs,Private,G.P.,PG training,at.Private,0-2yrs
R_viYOfDQPu0pJTGx,Male,36-45,Europe,>10yrs,Private,G.P.,No PG training,at.Private,3-5yrs
R_VJCn9L0fnEFxYYh,Male,25-30,Asia,3-9yrs,Private,G.P.,PG training,at.Private,3-5yrs
R_vlgwML8Qt1r2329,Male,>45,Asia,>10yrs,Private,Specialty,PG training,at.University,6-10yrs
R_vqKlFxdlPeppseR,Male,36-45,Australasia ,>10yrs,Private,G.P.,No PG training,at.CE,6-10yrs
R_vrzMF8bXJqJ1lUB,Male,25-30,Asia,3-9yrs,Public,Post-Graduate Student,PG training,at.University,0-2yrs
R_W1oDxOrOu983zRD,Male,30-35,Asia,3-9yrs,Public,Specialty,PG training,at.Private,0-2yrs
R_w1Sr9exABqQKGAx,Female,30-35,Asia,3-9yrs,Private,G.P.,No PG training,at.University,6-10yrs
R_w5WhG9NnWUFmapX,Male,>45,Europe,>10yrs,Private,G.P.,No PG training,at.Private,>10
R_W87U575tsv8RVwR,Male,36-45,Asia,>10yrs,Public,Specialty,PG training,at.CE,6-10yrs
R_W96LGvuHabx3UEF,Female,36-45,Asia,>10yrs,Private,G.P.,No PG training,at.University,>10
R_Wk9JM3IkW6lb0iZ,Male,25-30,Australasia ,3-9yrs,Private,G.P.,No PG training,at.University,6-10yrs
R_WoFqXwzVEwBxe5r,Male,36-45,Asia,>10yrs,Private,Specialty,PG training,at.Private,0-2yrs
R_WpuR3RnolQBLgit,Male,36-45,Europe,>10yrs,Private,G.P.,No PG training,at.Private,>10
R_WrCkknrf5OWRuP7,Female,<25,Asia,0-3yrs,Private,G.P.,No PG training,at.Private,0-2yrs
R_x5w1qc0c5wI0TXH,Female,30-35,Asia,>10yrs,Private,G.P.,No PG training,at.University,>10
R_XAGhWDftoAN7FQZ,Male,>45,Asia,>10yrs,Private,G.P.,PG training,at.University,6-10yrs
R_xc6dBO1y0JTJ8Ix,Male,<25,Asia,0-3yrs,Private,Post-Graduate Student,No PG training,at.University,0-2yrs
R_xfjz0Z7v6P5NjHP,Male,36-45,South America,>10yrs,Private,G.P.,No PG training,at.Private,>10
R_XtPYOcun46Li5S9,Male,36-45,Europe,>10yrs,Public,Specialty,PG training,at.University,6-10yrs
R_Xwioa3uSYW9vsPL,Male,25-30,Europe,0-3yrs,Private,G.P.,PG training,at.Private,0-2yrs
R_XZbxkkGgBEw8a4N,Male,36-45,Asia,>10yrs,Private,G.P.,No PG training,at.Private,6-10yrs
R_Y3QmhmYby2v3PAR,Male,<25,Asia,0-3yrs,University,G.P.,No PG training,at.Private,0-2yrs
R_Y3sY1m1rGmFSN5T,Male,>45,Africa,>10yrs,Private,G.P.,PG training,at.Private,0-2yrs
R_Y69bGhhuaasX0Wt,Male,36-45,Asia,>10yrs,Public,Specialty,No PG training,Other,6-10yrs
R_Y6suN7dOIZp5Fst,Male,25-30,Africa,3-9yrs,University,G.P.,PG training,at.University,3-5yrs
R_YcAWh7KAFCKnHsR,Male,36-45,Asia,3-9yrs,Private,Specialty,PG training,at.Private,3-5yrs
R_ylr8VGuUzCxElWx,Male,>45,Africa,>10yrs,Private,G.P.,No PG training,No.Information,6-10yrs
R_yNGw7MWcFqzasRH,Male,25-30,Asia,0-3yrs,Private,Post-Graduate Student,PG training,at.University,0-2yrs
R_yPAf8nXGop4yOTD,Female,25-30,Europe,0-3yrs,Private,G.P.,No PG training,at.University,0-2yrs
R_YQVyhpFEHUfWtJn,Female,36-45,Asia,>10yrs,University,Specialty,PG training,at.University,>10
R_YRZ91DPgaVN4W8F,Male,25-30,Europe,3-9yrs,Private,G.P.,No PG training,at.Private,3-5yrs
R_z1Bn0ambrXzNJBv,Male,>45,North America,>10yrs,Private,G.P.,No PG training,at.CE,>10
R_Z8i4X7ezRIOeftv,Male,30-35,Asia,>10yrs,Private,Specialty,PG training,at.University,0-2yrs
R_zbZvaMHLe8o0bM5,Male,30-35,Asia,3-9yrs,University,Specialty,PG training,at.University,0-2yrs
R_zclTLkuFKQQJeA9,Male,30-35,South America,>10yrs,Private,Specialty,PG training,at.Private,6-10yrs
R_Zepcf0I3Iz14S1H,Female,25-30,Asia,0-3yrs,Private,Post-Graduate Student,No PG training,at.University,3-5yrs
R_ZfbO8JkF2c8KhLr,Male,25-30,Asia,0-3yrs,Public,Specialty,PG training,at.University,0-2yrs
R_ZIDpW1hvwy7dbAB,Male,36-45,Asia,>10yrs,Private,G.P.,No PG training,at.CE,>10
R_ZlzquaruIN9O4md,Male,25-30,Africa,3-9yrs,Private,Post-Graduate Student,PG training,at.University,6-10yrs
R_zUqA2fMnUdhEgCJ,Male,30-35,Asia,0-3yrs,University,G.P.,No PG training,at.CE,0-2yrs